chunk_id,window_start,window_end,text,,,,,,,binary_hit,confidence
0,0:00:00,0:02:00,"[00:00–00:30]
I call this regular meeting of the Spring Branch Independent School District Board of Trustees to
order. Let the record show that the time is now six o'clock and a quorum of board members is
present. This meeting has been duly called, and the notice for this meeting has been posted in
accordance with the Texas Open Meetings Act, Texas Government Code Chapter 551041. Please stand
while Trustee David Slattery leads us in the Pledge of Allegiance to the U.S. and Texas flags.

[00:30–01:00]
I would like to introduce the senior administrative staff. They are Miss Linda Buckman.

[01:00–01:30]
Buckman, Associate Superintendent for Communications and Community Engagement, Ms. Karen Heath,
Associate Superintendent for Administration and Talent, Ms. Christina Masick, Associate
Superintendent for Information Technology, Dr. Annie Wolf, Associate Superintendent for Academics,
Ms. Christine Porter, Associate Superintendent for Finance, Mr. Travis Stanford, Associate
Superintendent for Operations, Dr. Jennifer Parker, Community Superintendent, and Dr. Brian
Williams, Community Superintendent. I would like to introduce your board members from left to right.

[01:30–02:00]
They are board member Courtney Anderson, Board Member David Slattery, Stacey Kim, Executive
Assistant to the Board, Dr. Jennifer Blaine, Superintendent. I'm Shannon Mayhan, Board President,
Board Vice President Caroline H. Bennett, Board Secretary Walker Akneo Jr., Board Member Chris
Ernest, and Board Member Jennifer Highland. The first item on the agenda is prayer. Please stand and
join Trustee Chris Ernest in prayer. Lord, we just ask for your presence. We ask for",,,,,,,0,5
1,0:02:00,0:04:00,"[02:00–02:30]
wisdom and discernment as we govern over the school district. Lord, we're grateful for all of the
students that you've entrusted to our care, Lord God. We just pray you give us the resources
necessary to provide a quality education for them. In Jesus' name I pray. Amen. Dr. Blaine, do you
have any opening remarks? I do actually, thank you. So we want to welcome our students, employees,
families, friends, and community to the board meeting tonight. We're so glad you all are able to
come out tonight and help us celebrate and congratulate our amazing students and employees.

[02:30–03:00]
Last Thursday, as an update, we had an opportunity to celebrate 20 fantastic years of our Good
Neighbor program. Hundreds of students, staff, and community members came out for a fun night of
food, fun celebration, and got to see an amazing football game between Northbrook High School and
Memorial High School. So I just want to express appreciation for this event to Linda Buckman,
Associate Superintendent for Communications and Community Engagement, and her entire communications
team. This is a really large event, and it was extremely well attended. And I've heard lots, heard
lots of feedback from community members about how much they loved it.

[03:00–03:30]
And I think it gave a lot of us an opportunity to get to know some of our younger families that we
don't always get to interact with. And so it was a lot of fun. And thank you for those of you that
came out. And under the special presentations portion of our agenda, you are going to see some
highlights from that fun event. And then the last thing is when we speak about our two highest
priorities in Spring Branch, they are the safety of our students and staff and the academic growth
and achievement of our students. And tonight we're going to have the opportunity to underscore both
of these priorities with the recognition of the following our campus safety offers, which I
officers, which I see many of them.

[03:30–04:00]
in the back over there. Led by Karen Heath, Associate's Superintendent for Talent Administration,
and Pam Metcalf, who works in Karen's division, as an executive director for administration safety
and security. We're grateful that we have an amazing team that they lead and train on a regular
basis and communicate with our campus safety officers. For those of you that don't know, campus
safety officers are like a complement to the police department. So we have our police department
with led by Chief Bainbridge and our officers with the legal side of that, but we also have the
campus.",,,,,,,0,5
2,0:04:00,0:06:00,"[04:30–05:00]
safety protocols and things that have to happen on that side. And it's very important that those two
entities work in tandem to ensure that our students are safe and secure. And I will tell you that
Karen and Pam and her division does an amazing job of making sure that safety drills and protocols
are followed each and every day. And when I tell you there's a lot to do with that, there is a lot
to do. Every one of these campus safety officers are here tonight. They show professionalism, they
care and they have a sense of urgency around keeping our students, staff, and campuses safe, and
their presence provides peace of mind.

[05:00–05:30]
when I go on campuses. I always see them with their clipboards, they're walking around, they're
making sure things are the way that they're supposed to be, and their job is to make sure that
everyone can work and learn in a safe environment. And the other thing I will say is that these are
also our assistant principals. So that it's not like we have a position of a campus safety officer
and an assistant principal. The assistant principal is the campus safety officer, and it's a huge
job, and we are so grateful for them. Additionally, we have our very own chief Bainbridge sitting in
the front row. He is our chief of police, and he and a couple of officers, Reginald Denson and

[05:30–06:00]
Taylor Bryant are going to be offered or honored tonight with a prestigious Rod Page Safety Award.
And as a reminder, Chief Bainbridge actually won this award. It was the inaugural year for the award
from Region 4, won the award last year. So this is actually his second year in a row to win that
award. And we are very fortunate to have a chief of police that does all the amazing things and goes
over and above and beyond for our students. So thank you, Chief Bainbridge. We're proud of you and
your work. And then lastly but but not least, our superlative students. I see lots of faces out
there and parents.",,,,,,,0,5
3,0:06:00,0:08:00,"[06:00–06:30]
Um parents, guardians, grandparents, you should be so proud of your kids. Um this year Spring Branch
has a more national merit semifinalist than we had had we've had in well over a decade. We we went
back and counted and we couldn't find the last time that we've actually had this many kids that have
scored high enough on the PSAT to qualify as a national merit a semifinalist. So this is a huge
accomplishment. And so parents and uh grandparents, guardians, uh family members who are out here to
celebrate these kids, this is a very tall feat, and we are extremely proud of your kids, and um we
know that you are too.

[06:30–07:00]
and so thank you everybody for coming out to celebrate all of the amazing things that we get to
celebrate and all the amazing people that we get to celebrate tonight. Thank you, Dr. Blaine. The
next item on the agenda is public comment on special presentations. Because we have a special
presentation of guests tonight in our meeting to honor their time, we would like to hear public
comments only on special presentations at this time. All other public comments will be heard after
the special presentation. Because we did not have anyone signed up to speak, we will move to the
next agenda item. The next item on the agenda.

[07:00–07:30]
is special presentations. Two great events, one great week. A perfect description for last week in
SBISD. In addition to great things happening in our classrooms, our CTE team knocked it out of the
park last Saturday with their annual destination success event. This is a special event designed to
introduce our younger learners to the world of career and technical education and to get them
excited about the opportunities that await them as they plan.

[07:30–08:00]
their futures. Then, on Thursday, several hundred partners, families, and student performers joined
in our celebration of our class of 2025 Good Neighbors and the 20th anniversary of this important
partnership recognition program. I had the pleasure of attending this amazing event. Linda, what a
first-class event your team put together to celebrate such an important partnership for our
district. Please turn your attention to the screens to enjoy signs.",,,,,,,0,5
4,0:08:00,0:10:00,"[08:30–09:00]
and sounds from these two wonderful events. This Fall Spring Branch ISD celebrated the power of
community in two incredible ways. Moments that remind us what happens when we come together for
every child. A destination success, families joined students and educators to explore the amazing
opportunities that career and technical education provides. From welding and health science to
culinary arts and robotics, hands on learning came to life, and the real power was in the
connection.

[09:00–09:30]
Parents and children learned side by side, experiencing the creativity, problem solving, and
confidence that makes CTE such a powerful part of the SBISD experience. That same spirit of
connection filled the air again at our Good Neighbor 20th Anniversary Tailgate, a celebration of two
decades of partnership and purpose. Families, students, staff, and community partners gathered for
an evening of food, games, and fun, honoring the good neighbors who give their time, talent, and
heart to lift up our schools and students. For 20

[09:30–10:00]
years, this network of caring partners has opened doors, funded dreams, and shown what it means to
stand together for our kids. Two events, one community. This is Spring Branch ISD, where families,
educators, and neighbors come together to create opportunity, nurture hope, and build a strong
future for every child. Every day, every minute, every way.",,,,,,,0,5
5,0:10:00,0:12:00,"[10:00–10:30]
This evening to recognize 28 outstanding students who have recently been named National Merit
Semifinalists. This is the largest number of SBISD students to earn this impressive designation in
many years, if ever, in SBISD. We are beyond proud of these students for all they have accomplished
to reach this momentous recognition. Students become eligible for this national scholarship program
when they take the PSAT National Merit Scholarship Qualifying Test as juniors. Semifinalists
represent less than 1% of the high school graduating class in Texas and rank as the nation's highest
scoring test takers.

[10:30–11:00]
Please join me in welcoming to the podium Memorial High School Principal Lisa Weir, Spring Branch
Academic Institute Director Kamen McIver, and Stratford High School Principal Ray Morris Barnes, who
will introduce their campus national merit semifinalists. Dr. Blaine, President Mahan, rest of the
board, thank you so much for tonight. And I'm honored on behalf of the faculty and staff at Memorial
to introduce you to our outstanding 18 National Merit semifinalists this year. Are we ready to bring
them in? Caroline Bonner. Luke.

[11:00–11:30]
Lucas Bonin, Thomas Gillenshaw, John Guzman, Gray Hevla, Shuji Hosakawa, Daniel Kim, David Lee,
Joanna Liu, William Mars, Samuel Wynne, Chloe Shao,

[11:30–12:00]
Conrad Slott Alexander Tate Carson Ting Leo Wu Michelle U and Alison Zoo.",,,,,,,0,5
6,0:12:00,0:14:00,"[12:00–12:30]
That's good for that. Perfect. Okay, wait, say your wigger pair.

[13:00–13:30]
Good evening. I'm um honored to be here on behalf of Savai tonight and to recognize our National
Merit Scholar semifinalist. We actually had seven from our school this year, which is our largest
group. I truly believe they reflect just the very best of our district. These kids have been
responsible for math, engineering, and art clubs at Thornwood. They've been a part of helping the
district create courses like multivariable calculus and abstract algebra, and they've really
controlled.

[13:30–14:00]
Algebra and they've really contributed. So I'm incredibly proud of them. I'm grateful to the board
who has supported us and allowed us to create courses like this and really invested in students so
that they can reach this level of success. So it's my great pleasure to introduce you to our
National Merit semifinalist, Ronan Chakrabarty, Alex Chang, Benjamin Guo, Jey Ho Li, Stephanie Shin,
Brian Ung, and Aaron Jiang.",,,,,,,0,5
7,0:14:00,0:16:00,"[14:00–14:30]
Let's let's yeah, let's get one of the start markets in and then we'll have spy kids and seven kids
or something but

[14:30–15:00]
Good evening. Thank you all for allowing us this opportunity to be here. As the two previous
principals and directors stated, uh, we wouldn't be here if it wasn't for the investment of the
parents and the staff who uh give relentlessly more than just the 50 minutes of instruction, but
doing studies and tutorials. So again, this is not just the students who are here, but they
represent their parents and the staff at all of our schools, and we're forever grateful for the
resources that we have here in Spring Branch ISD. For our three National Merit Semif uh finalists,
uh Quinn Azizi.

[15:00–15:30]
Ann Azizi Yoran, Matthew Lee, and Jacqueline McFowell. Can the front row screen a little bit that
way? And if I can't see your face, if you can't see me, I can't see your face. Try to get work so
you can see my hand on the other hand.

[15:30–16:00]
Okay, so we've walked in front of our tutorial. Students, y'all are welcome to step away, and then
if we can grab our um side pins and then our track for hints here when we have some interesting so
you guys can like move towards the middle.",,,,,,,0,5
8,0:16:00,0:18:00,"[16:00–16:30]
Three, one, two, three. Thank you. If you guys can move just a little bit to second perfectly.

[17:00–17:30]
Thank you. With safety as the highest priority in SVISD, we are pleased tonight to have two special
special presentations recognizing those who lead and support these efforts.

[17:30–18:00]
at the district and campus levels. For this first presentation, we recall with pride when a year
ago, the Region 4 Education Service Center honored SBISD Police Chief Larry Bainbridge with Region
4's inaugural Dr. Rod Page School Safety Award. This award is presented by Region 4's Office of
Emergency Management and School Safety to recognize districts for their outstanding commitment and
unwavering dedication to ensuring the safety and security of their students and staff. For the
second year in a row, we are honored to share that SBIS.",,,,,,,0,5
9,0:18:00,0:20:00,"[18:00–18:30]
Chair that SBISD's police department has once again been named by Region Four as the recipients of
this important award. Please join me in congratulating the members of the SBISD FBI Threat
Mitigation Task Force, SBISD Police Chief Larry Bainbridge, and the SBISD police officers Reginald
Denson and Taylor Bryant, who will be officially recognized by Region 4 later this week. Tonight,
Chief Bainbridge is here on behalf of this awesome trio of our FBI of our FBI Threat Mitigation Task
Force.

[18:30–19:00]
As we invite Chief Bainbridge to come forward to accept our gratitude for all he and Officers Denson
and Officers Bryant do to be worthy of this esteemed recognition, we also express our gratitude to
all members of the SBISD police department for all of their tireless efforts to ensure safety is the
highest priority for all of us every single day. Congratulations.

[19:00–19:30]
In the second of our safety focus recognitions this evening, I know I speak for all of my fellow
trustees and our all of our staff, parents, and students and community, when I say a heartfelt thank
you to the individuals on each of our campuses who go above and beyond to serve as our campus safety
officers. They ensure our campuses meet all safety requirements and standards and work diligently.

[19:30–20:00]
to ensure all protocols are met daily on each SBISD campus. Please join me in welcoming to the
podium, Karen Heath, Associate Superintendent for Administration and Talent, who will share
additional insights about the work that our campus safety officers do. Thank you, Chris. Yes, our
safety officers, we've been wanting to do this since the pandemic, actually, because they started
out as health safety officers. And that role has grown and morphed and changed over the years. And
now what they do is they work quietly.",,,,,,,0,5
10,0:20:00,0:22:00,"[20:00–20:30]
behind the scenes, creating our campus EOPs, that's emergency operation plans. They do drills,
emergency drills, they work with everyone to make sure both the students and the staff know the
protocols. They go to monthly safety meetings with Pam Metcalf, our Executive Director of
Administration and Safety and Security, so that they can learn threat assessments, they can learn
how to properly do door sweeps, those things that y'all hear about frequently.

[20:30–21:00]
frequently. So they they they they could tell you, any one of these people could tell you how many
doors they have on their campus because they are regularly checking those doors. They report
anything that's not working so our facilities department can't come and fix it. And they also meet
with the auditors that come and you know we give you regular updates on the audits and Pam helps to
train them up on those expectations that they're going to get. So all of them work alongside the
campus principal

[21:30–22:00]
As principal, the nurse, and the police officers each day to make sure everything's reported and
working correctly. And if there is a problem, we hear about it. So it is very uh efficient the way
they're working, and we couldn't do it really without Chief and his uh guys being there. So we want
to take a moment and just honor and recognize them. So if you all will come up here, it's your
picture time, so that uh everyone can acknowledge you.",,,,,,,0,5
11,0:22:00,0:24:00,"[22:00–22:30]
Can you guys catch your channel?

[22:30–23:00]
Well, can we move this way just a little because I get the table? A little bit more.

[23:00–23:30]
Good job.

[23:30–24:00]
The next item is public comment on agenda or non agenda items. At board meetings, public comment
time is set aside for individuals who wish to address the board. During special meetings, workshops,
and retreats, comments are limited to the agenda items only. At regular meetings, individuals may
comment on both agenda and non-agenda items. Individuals who wish to participate during the portion
of the meeting designated for public comment shall sign up by completing the appropriate form on the
district website, by submitting the form in person at the administration building, or by sending an
email with the district form as an attack.",,,,,,,0,5
12,0:24:00,0:26:00,"[24:00–24:30]
District form as an attachment to the email address listed on the form. Public comment forms must be
received no later than 12 p.m. noon on the day of the meeting and shall indicate the agenda item or
topic on which they would like to address the board. The length of public comment shall be at the
discretion of the board president not to exceed four minutes. We will do four minutes today. Because
individual rights are protected by various laws and board policies, complaints regarding specific
employees or students should be directed to the administration. If a person makes complaints about a
specific employee or student during public comment, the board

[24:30–25:00]
president has the discretion to move the board into closed session to hear such complaints. If
anyone makes a complaint about a specific employee by name or by job title, the board may hold the
public comment until the end of public comments and hear all such complaints individually in closed
session. Under the law, the board cannot deliberate, discuss, or make a decision on any subject that
is not on the agenda. So as a general matter, the board does not respond to questions at public
comment. Specific factual information or review of existing policy, however, may where legally
allowed be provided in response.

[25:30–26:00]
to inquiries or questions. At this time, we will begin public comment, and our first speaker is
Truffle Shuffle. Okay. It doesn't appear that this person is in attendance, so we will move forward
on the next agenda item. The next item on the agenda is a public hearing on the district's 2025
financial integrity rating system of Texas First. Dr. Blaine. Yes, I'm actually going oh I've got
David Bender. I was going to say Christine Porter, but David, welcome to the podium.",,,,,,,0,5
13,0:26:00,0:28:00,"[26:00–26:30]
Uh and I'm going to turn this directly over to you. Hopefully I didn't just cut off my boss. I don't
think I did. So, President Mahan, Dr. Blaine, and trustees, we're happy to have a few minutes to
walk through our school first presentation. Um one thing you might notice, just to clarify the data
source on the first slide. This is the 2025 school first report. It's based upon the

[26:30–27:00]
preceding year's data, so the data for the 23-24 year. First is uh a financial accountability system
that goes back, of course, to the Texas Texas legislature. TEA administers it at its core. There's
21 financial indicators that districts are scored against or rated against. And then, in addition to
that, there's this public hearing that we're participating in now, and part of that will have some
prescribed dictated financial disclosure information that we'll share.

[27:00–27:30]
with you. Jumping right to the score, um SBISD uh achieved a 100 out of 100 on this first report. Um
it's the first well I don't know that I can uh uh say for certain it's the first time we've done
that. I believe it's the first time. It's the first time that we've got a 100 score that Ms. Porter
and I can remember in our relatively long tenures here at the district. So certainly that's
something to be happy with to celebrate. Arguably that second uh

[27:30–28:00]
The second bullet point on the slide is as important or more important. I mean, to be consistent for
24 years in a row and receive an A or the top score in the first report is definitely a testament to
the consistency and the overall excellence in the finances of the district. And there you see the
scoring system with a rating of 90 to 100 points aligned for superior. We'll now walk through
several of the indicators, not all, but several of them that are a little more relevant or a little
more weighty.",,,,,,,0,5
14,0:28:00,0:30:00,"[28:00–28:30]
The first deals with audit, and of course, we spent a lot of time here in the district in finance
and otherwise getting ready for audit. And the requirement on first is that you have an unmodified
or a clean opinion on an audit of your annual financial statements. And SBS SBISD did have a clean
audit, and we passed this indicator. And we did make all debt payments as scheduled on.

[28:30–29:00]
time, we passed this indicator. Continue to look at payments concerning the other governments that
the district interacts with, the IRS, the Workforce Commission, etc., all that reporting was done,
all those payments were made timely. So we again passed the indicator. Jumping back to the audit,
but now looking at the control environment that the district manages. Internal controls are
critically important. We need to have confidence, despite the limited time we have to spend on
controls, despite the

[29:00–29:30]
budgetary limitations we have. Nonetheless, we have to have a balanced system of controls that
protects the district from misstating financials and from loss of assets. Auditors look at the
controls when they audit us. And in this case, they did not point out any material weaknesses in our
control environment, so we passed this first indicator. So fund balance is something we get to
frequently talk about because of its importance. Not surprisingly, you see fund balance looked at in
the first report.",,,,,,,0,5
15,0:30:00,0:32:00,"[30:00–30:30]
TEA has us look at a three year period. And the question is over the three year period, did you see
a decline of 25% or more in your fund balance? If you did, Spring Branch did not see a 25% decline.
You see on the slide our decline over the three year measurement period was 2%. But if that did
happen, if a district was in a circumstance where they felt it was necessary or they were required
to use a significant amount of fund balance, TEA allows for that. They recognize that as a financial
management choice that can be

[30:30–31:00]
made. They do have a second measure there, and it looks at after the spend down how much fund
balance do you have left? And they said 75 days is the minimal amount of fund balance you should
have. And the district, in fact, had more than that. You see, we had 118.9 million of fund balance
at the end of the year measured versus 75 days would have been 76.5 million. So on both those
counts, I think we're clearly getting reassurance that we have a reasonable amount of fund balance
that we've maintained.

[31:00–31:30]
Can can I ask you a question real quick on that? So am I reading that right that if they don't want
to see a sharp decline in fund balance and they don't want to see it below for us it would be 77
million? Is that right? I mean the score would be lower if either of those two things were true.
Yeah, on the second item, the you know, if there is, to use your words, a sharp decline in fund
balance, their definition is more than twenty-five percent over three years. Okay. So that would be
a cumulative decline of twenty-five percent over three years. And they uh

[31:30–32:00]
to r you know they allow for that. They acknowledge that a district may be in a position to maintain
programs, other choices. You may choose to spend down fund balance. The second part of that
indicator just acknowledges that there is a point at which you have to stop spending fund balance.
And here for the purpose of first, to get the full ten points and score the highest amount possible,
they require you to maintain seventy five days. No, it it's just an interesting point that TEA has a
minimum fund balance that you ought to maintain, and yet some of our legislators use it against us.",,,,,,,0,5
16,0:32:00,0:34:00,"[32:00–32:30]
as if we have a rainy day fund. And a lot of members of the community have said the same thing. The
next indicator will move, we'll here and in a the next slide, we'll look at a couple of ratios that
are included in first. This initial ratio is current assets over current liabilities. And you see to
score the full three points, or the to score the ten points, you need to have that ratio be at least
three. So three times as many current assets.

[32:30–33:00]
as cash and things that quickly convert to cash over current liabilities, you know, the the inverse
of things that you're gonna have to pay out in the near term. So clearly looking at your your
liquidity there, and we scored 3.5 on that ratio uh above the the threshold of three to get the full
score. This make sure I'm saying this right. Yeah, this is the one indicator.

[33:00–33:30]
where a year ago we didn't get the full 10 points. So a year ago we got all the points and we passed
everything, except on this indicator, we got six of the 10 points. And the the issue was a change in
the amount of recapture that we were that we owed at the end of the year. So in the measurement
year, we owed 1.2 million in recapture at the end of the year. In the prior year, where we only got
six points here, we owed $80.2 million of recapture at the end of the year. And so if you think
about the math in that",,,,,,,0,5
17,0:34:00,0:36:00,"[34:00–34:30]
that fraction, so there was a one to one ratio, eighty point two million dollars of recapture in the
numerator and the denominator. We had that cash on hand, we had we pay recapture in August. So at
our June fiscal year end, we had an 80 and an 80 in that ratio, and that was impactful, and that
kept us um from hitting the three on that ratio and getting the full 10 points. Part of the reason
why I highlighted that is when we celebrate scoring 100 out of 100, you know, there are a few areas
in first, like here, where that's really not us.

[34:30–35:00]
That's just the financial environment, the state funding formula, and it changing resulted us in our
in our getting the full 10 points this year. David, can I just speak to that? So you're saying, do
we get to choose how much we pay in recapture? We do not. No. The state dictates that to us. Changes
in the state funding formula that drive that. Correct. Okay. Well, just to Chris's point, that's
just one more item that you know they're trying to ding us on in our reports, but something that
they said.

[35:00–35:30]
That they set just for the public to know. Thank you. Okay, and then the the next ratio, we had just
looked at current assets to current liabilities. Now in this ratio, we're looking long term and
flipping the fraction. It's long-term liabilities, so there we're bringing in our debt. We have debt
to finance our facility needs, to maintain our infrastructure. Um, and the ratio here is long-term
liabilities, which is primarily debt, over total assets. And of course, now in total assets you have
the value of that infrastructure pull.

[35:30–36:00]
Infrastructure pulled into the ratio. And to earn the full 10 points on this indicator, that ratio
has to be 0.6 or less, and we at.59 achieve the full 10 points. And of course, that helps us
appreciate that well, we like other governments use debt according to the TEA's prescription in this
measure, we have a reasonable amount of debt.",,,,,,,0,5
18,0:36:00,0:38:00,"[36:00–36:30]
I think every year we look at this, you know, understandably and appropriately, it's it's something
that maybe our taxpayers and our public pay attention to. We are an educational institution, and so
understandably we're working to spend money on education rather than overspending on administrative
costs. In looking at that, the TEA has said on first to earn the full 10 points, on this indicator,
your administrative cost ratio can be at most 8.6%. And you notice ours is at 6.1%, so substantially
below the threshold to earn the

[36:30–37:00]
full 10 points. So another clear indicator that the administrative effort that goes on at the
district is efficient and reasonable. David, may I now I'm going to say something. So about that
6.1. So I it is, you know, you do have some community members that will say that school districts,
not just ours, but any school district is bloated administratively. But what I'm going to say about
our district is when we cut the $35 million several years ago, remember we told the board we were
committed to making sure that 70% of those cuts came centrally because that's not what had happened
in 2011 and we saw the benefit.

[37:00–37:30]
We saw the results of that. And so we did take 70% of those cuts. And I will tell you right now, all
these new things that have come down from TEA that we are we are required to implement, like the
teacher incentive allotment. I mean, I could go on, that's the one that comes to mind right now
because I just talked about it before I came in here. But all of that just goes on top of what these
people's jobs are, what their staff is already doing. And so I feel like I need to call that out
because I would dare somebody to call us bloated. We are all taking on additional work, and I have a
great team that.

[37:30–38:00]
can do it. But I'm glad that you noted that it's not only just below, it's well below the required
or what it takes to get 10 points. And I just want to note and thank my staff and all of your people
that are working so hard centrally to take on all these extra duties without adding staff. All
right, and I mentioned earlier that there's some required disclosures for the public hearing. We'll
walk through those now. The first is to provide the superintendent's employment.",,,,,,,0,5
19,0:38:00,0:40:00,"[38:30–39:00]
contract. We do that by posting it on the web. It's posted now and will remain there over the
upcoming year for the public to ask access if they choose. Another required disclosure is
reimbursements that were received by the superintendent and board members. So in the performance of
your roles, you necessarily incur certain costs, and to the extent those costs are out of pocket and
then reimbursed, they're showed here on this slide.

[39:00–39:30]
Um outside compensation fees received by the superintendent. If there had been any in the
measurement year, we would disclose those here. There were none. Gifts received by the
superintendent and board members, first set uh threshold of 250, an aggregate amount of 250, and uh
there are no gifts received to disclose. And then if there were transactions, business transactions
between the district and board members, they would be disclosed here, but there

[39:30–40:00]
were none. And President Mayhan, that uh conclusive prepared prepared remarks on first. Thank you so
much. Um, at this time, we'd like to invite the public to speak on the district's 2025 financial
integrity rating system of Texas. The public hearing is now open and the time is now 640. Because no
one has signed up to seek speak, the public hearing on the district's 2025 financial integrity
rating system of Texas is now closed. The time is still 640. Is there any discussion?",,,,,,,0,5
20,0:40:00,0:42:00,"[40:00–40:30]
Okay. The next item on the agenda is executive session. The board will now adjourn into executive
session under the following sections of the Texas Open Meetings Act. Section 551074 regarding
routine and other personnel matters, including duties of employees and public officers. Section
5510821 regarding deliberation of personally identifiable information of a public school student.

[40:30–41:00]
Section 551076 regarding deliberation of the deployment or specific occasions for implementation of
security personal personnel or devices or deliberation of a security audit. And section 551071,
consultation with the board's attorney regarding all matters as authorized by law, including but not
limited to discussion of Elizondo vers Spring Ranch ISD, Civil Act No. 821, 1997, and legal issues
surrounding public finance. The time is now 641.

[41:00–41:30]
This meeting is now reconvened in open session in compliance with the provisions of the open meeting
laws of the state of Texas. The time is now 7 41. The executive session just completed has been held
for discussion of topics as allowed by the law. No action was taken. The next item on the agenda is
a request for approval of routine personnel items. Do we have a motion? So moved. Second. It has
been moved by Caroline H. Bennett and seconded by David.

[41:30–42:00]
Slattery. Is there any discussion? Those in favor say aye. Aye. Those opposed say no. The motion is
approved by a vote of seven to zero that we approve routine personnel items as recommended by the
administration. The next item on the agenda is a request for approval of the 2025 2026 campus
performance objectives. Do we have a motion? So moved. And seconded. Second. Okay. It has been moved
by Courtney Anderson.",,,,,,,0,5
21,0:42:00,0:44:00,"[42:30–43:00]
and seconded by Walker Agnew. Is there any discussion? All those in favor say aye. Aye. Those
opposed say no. The motion is approved by a vote of seven to zero that we approve the 2025 2026
campus performance objectives. The next item on the agenda is a request for approval of the Chapter
49 contract option three agreement for the purchase of attendance credit and board delegation of
authority to obligate the school district under Chapter 49 to the superintendent. Do we have a
motion?

[43:00–43:30]
Yes, for the 25 26 school year, we delegate contractual authority to obligate the school district
under Texas Education Code 11.1511 C4 to the superintendent solely for the purpose of obligating the
school district under TEC 48.257 and TEC chapter 49, subchapters A and D, and the rules adopted by
the Commissioner of Education as authorized under TEC 49.006. This includes approval of the
agreement for purchase of attendance credit. Second everything she just said.

[43:30–44:00]
Okay, it has been moved by Caroline H. Bennett and seconded by David Slattery. Is there any
discussion? This this is a requirement again where the the state tells us how much we give them of
our locally generated tax dollars and we authorize our superintendent to pay an invoice to the
state. Correct. Yes. Okay, all those in favor say aye. Aye. Those opposed say no. The motion is
approved by a vote of seven to zero that we approve the chapter 49 contract option.",,,,,,,0,5
22,0:44:00,0:46:00,"[44:00–44:30]
three agreement for the purchase of attendance credit and board delegation of authority to obligate
the school district under Chapter 49 to the superintendent. The next item on the agenda is consent
agenda action items. All items listed under this agenda item are considered to be routine by the
Board of Trustees and will be enacted with one motion. There will be no separate discussion of items
unless a board member so requests, in which event the items will be removed from the consent agenda
and considered as an item for a separate vote. Is there any such request?

[44:30–45:00]
I'd like to remove 11 C as well as 11D. Okay. And I'd like to remove 11B. B. Thank you. Okay. Is
there a motion for approval of consent agenda action items with the exception of items 11B, 11C, and
11D? So moved. Second. Okay. It has been moved by Caroline H. Bennett and seconded by Courtney
Anderson. Is

[45:00–45:30]
Is uh excuse me, all those in favor say aye. Aye aye. All those opposed say no. The motion is
approved by a vote of seven to zero that we approve consent agenda action items with the exception
of items 11b, 11c, and 11D. We will now consider item 11b separately. Do we have a motion? I move to
consider it. Okay. Second. Second. Okay, is there any discussion?

[45:30–46:00]
Okay, so last regular meeting, um, you know, I tagged items related to awarding a contract for
architectural services and we discussed the RFQs and RFPs. Um, and one of the things I have noticed
in looking around is that other districts um put an entire rubric out publicly with their board
agendas and and really detail the process that that has gone into making their decisions. Um, even
for bond projects, Cyfair's got in their board book the scoring of each contract bid. It's actually
really helpful.",,,,,,,0,5
23,0:46:00,0:48:00,"[46:00–46:30]
and I just I feel like this would be incredibly helpful to our community. I know that we do that. I
would like to request that we publish that so that the community community can look, for instance,
like I'm looking here at this one, and they list every every uh everybody that put in a bid, they
have all three evaluators, what scores they were given, and then how they shook out at the end. So,
you know, who was first, who was second, and why they decided to go with the person they went with.
I just think that would be incredibly helpful for the community. That's related to this, which you
know, there's four separate bond approval items.

[47:00–47:30]
that are titled Request for Approval of the Bond Facility Improvement Program. It's the monthly
status support. So to me, that's just you know, on obviously it's on the consent agenda, it's just
approving something. But what are we approving is what is where my question is. And when I looked
into all of this, um I see that under the 2017 bond we're approving 38 million. Um, in the 2022
bond, we're approving nearly 50 million, and then 168 million for the 2025 bond. And um look

[47:30–48:00]
And looking through here, we have we have backup information, but really what we're seeing is just
general numbers. And so if I look at um Memorial High School, we're approving 20 million. Um 13
million, what is other? And I just think that our community obviously was divided in the passing of
these bonds. They a lot of them barely passed. And they did approve them though. They approved us
for these funds, and our job as the board is to provide oversight in how the funds are spent. And I
personally don't feel that I can.",,,,,,,0,5
24,0:48:00,0:50:00,"[48:00–48:30]
provide proper oversight when I just have blanket numbers that don't tell me what's going into those
numbers. So that is my request for this that we can somehow provide a breakdown of what all this
looks like. And I know that I know that's a lot of work, but I feel like it's probably already been
done. And I'd just like to ask that it be included in the documentation that's given to the board
members and put on the internet. I get lots of questions everywhere I go. You know, what's coming up
next? What are we spending on? You know. And so I'd like to be able to answer people's questions
when those come up.

[48:30–49:00]
Am I make am I clear on I'm sorry on my on what I'm asking there? So what might be helpful is if so
Christine um if Jennifer if you wouldn't mind like maybe tomorrow or this week if we could get like
maybe what would be helpful like what would it look like okay so that we can um okay provide you
what what you're what you're asking for. I just I would I would also like for it to be provided to
the public, you know, who voted for it. You know yeah I mean what it would look like in the packet.
Like what would it look like if it was you know got it and do you all want to

[49:00–49:30]
What to uh Christine does. Are we saying we're gonna hold off on the you want to should we hold off
until we get that information? No is what I think would be a good idea. I mean, can we finish
discussing before we decide how we're gonna do it? Um what school districts, Jennifer? Did you look
into? So SciFair and Fort Bend. And Fort Bend, any others? Uh no, those were the the two that I
referenced quickly. Um so we can kind of look and see how they do it. No, and I and I printed out
some examples. I mean, we have um it's all different things. One is hiring an attorney, one is
hiring financial advisory services, but everything that that they

[49:30–50:00]
hire, you know, they put out, they don't put out the exact rubric, but they put out how these
companies scored on the rubric. And so I can clearly see here that you know the first place one
averaged a 93, the second place one averaged a 90, the third place one was a 65. So clearly, you
know, the evaluators looked at their presentation and said, you know, yes, yes, no, or you know,
whatever. And um, I just think it gives people a good idea because you know they might think, oh,
this is a great company, why didn't they get the bid? Well, we can see they didn't give a good
offer.",,,,,,,0,5
25,0:50:00,0:52:00,"[50:00–50:30]
So I'm just trying to understand because I'm hearing that you need two things. Yeah, I'm sorry. So
the first off is adding some type of the information about the rubric. And as a note, a rubric is
only done when we do an RFP that goes out on the um streets per se, but if we go through a co op,
that type of rubric doesn't happen. So you won't have that on everything. So just as a note.

[51:00–51:30]
As we've already done. Like we've already we've already spent the money. So just to be clear, to
delay it doesn't stop these projects from happening, or the fact that we've already spent the funds.
And I don't I don't want to stop them from happening. I think that I would just like to do that. No,
no, I hear you. I just there was a talk about whether or not we don't approve it tonight. And I'm
just trying to explain that the this is stuff that's already happened. But um Yeah, I would we
definitely would need some more about what you need. Because as you can tell, these are it's 50
pages worth of documents as it as it is. So if you're talking about a check register behind it to
see who

[51:30–52:00]
it the checks were written to. Uh yeah, I definitely would need some more. Yeah, we can like an
itemized item. I don't know. What do you think? Sure. I mean I just think some of these categories
are very nonspecific. And so, you know, when I see I see a general contractor, an architect
engineer, and then I see other and what what went into other and you know, how are we spending
because it's thirteen million dollars and you know how how is thirteen million dollars being spent?
Okay. Yes, definitely. If you'll let me know when you are available to me. Yeah, so we'll yeah,
we'll connect and so'cause we want to make sure we're delivering what like what is it?",,,,,,,0,5
26,0:52:00,0:54:00,"[52:00–52:30]
I'm just trying to think of what I think the community would like to to know about what's going into
this, especially with a lot of these things have started moving quickly. And you know, my most of my
frame of reference is the natatorium, because that's the people I hang out with. Um, you know, and
so they always want to know what's going on, you know, what's going on, and where are we, you know.
And and I think that's great. I love that people are excited and I just want to be able to to go to
them with details. Yeah, no, I I that's fine. I we want to make sure we deliver what perfect is
helpful. So okay, okay. Thank you. So speaking of details, on the on the amended budget, I see
twenty million dollars for Memorial High School, sixteen million for Northbrook High School.

[52:30–53:00]
$0 for Springwoods, and $0 for Stratford. Does that mean we're starting the 2025 bond program with
these two high schools and not with the other two high schools? So first I want to be clear that's
what bond you're talking about, because there's four bonds. Right, the 2025 bond. But that is
correct. That's when we sold bonds because those are the first projects we're starting on. Yes.
Thank you. That's correct. Okay, is there any further discussion?

[53:00–53:30]
Discussion. Any other questions? Okay. All those in favor say aye. Aye. All those opposed say no.
The motion is approved by a vote of seven to zero that we approve consent agenda item 11B. We will
now discuss uh excuse me, we will now consider item 11C separately. Do we have a motion? So moved.
Second. It has been moved by Walker Agnew and seconded by

[53:30–54:00]
Jennifer Highland. Is there any discussion? Yeah, so my question here is I want to know what kind of
programs and software we're currently using. And then what is this purchase going to replace? So
while Linda's coming to the to the podium, I'll just kick this off. So in the past, we have had
multiple communication tools. So for example, we've got Reminds, School Messenger, Constant Contact,
which is used for if you're not a parent in the district but you're a community member receiving, we
have final site. So we have",,,,,,,0,5
27,0:54:00,0:56:00,"[54:00–54:30]
and I probably didn't list all of them Linda can probably tell you but that we have all these
different ways to communicate so if you're a parent what we hear from our parents is if you're a
parent and you have kids in multiple schools this school may be using remind and this school is
using school messenger and parents are just it's just it can be very confusing and frustrating when
you're having to deal with all these different communication tools and so we have been looking for
something that can actually do all of that in a user friendly way because part of the reason and I
think Linda will tell you that people are using different things like some schools like the way
Remind operates and so they

[54:30–55:00]
Mind operates and so they use our mind, it's easy for them. Other schools don't want to use remind,
they want to use something else. So we wanted to make sure we could find something that's user
friendly that everybody would be comfortable using. And I and and there's a savings, Linda. I don't
want to there's actually a savings because by paying for all these services separately, you know,
you you're you're paying more money. So by by using this one contract and this one vendor, we're
we'll save about eighty three thousand a year, is that right? On actually eighty four thousand four
hundred and eighteen dollars.

[55:30–56:00]
$18. I think I told you $83,000 over the weekend. That actually doesn't, that's the if you look at
what we're paying now for Remind, which we added during COVID because we needed that rapid text
messaging option, and that was something that was new at the time. School Messenger that we've had
for many years, that's our mass communications tool for call-outs, emails, and it has a text
messaging function, but it's not as user-friendly. Constant Contact is our email system that we use
for non-parent communication.",,,,,,,0,5
28,0:56:00,0:58:00,"[56:00–56:30]
Current communication and then Final Site is our website vendor. We've been using Final Site for 10
years. So as the market has changed, what we have seen is a lot of new opportunities, a lot of new
tools, and a lot of the companies were buying each other up, so less opportunity in the market. And
so we've been watching 10 years is really a long time for a website. School Messenger, a little
clunky to use, and so we were waiting really to let the dust settle as all of these vendor can.

[56:30–57:00]
Vendor consolidations were happening. And Christina and I have been working very closely. Our tech
team and our comms team with Melissa and Kristen, who are here this evening, can also answer
questions for you to kind of see where this all shakes out because what we really want is a better
user experience for our staff who are having to push out all the information and really all the
feedback we got. We've done focus groups with principals, we've done focus groups with parents.
Everybody wants a simple tool. They want everything in one place. They want not, you know, if you've
got high school kids and

[57:00–57:30]
middle school kids, you could have remind messages coming from 15 people all over the place. We
really wanted to streamline all of that. And so this Apteji vendor is the one that you want to go
with? AptoG is the vendor that we want to use. Um, Klein is using AptoG, Umble has won two state or
national awards for their website using AptoG. They have an app where you can have all your
communication feed and you can get a digest of everything that's come from all your teachers, all
the news, everything in one place at the end of the day. The other really wonderful.

[57:30–58:00]
Another really wonderful piece about this right now. So, Kristen, who does all of our email and web
updates. So if we have a message that has to go out from the board to the community, Kristen has to
put that message in through School Messenger to go to our parents. Then she has to go back to start
all over to push it into constant contact to put it out for our non-parents. Then she has to publish
it to the website. Then Grace has to pull it from the website to push to social. So it's not just
the cost of the physical dollars we're expending, it's the",,,,,,,1,5
29,0:58:00,1:00:00,"[58:00–58:30]
manpower cost that we will be able to significantly reduce, not only for our central team that can
publish once push everywhere all at once, but the same for our campus staff. So, you know, if if
Memorial High School wants to put out a message, they don't have to put it out in email and then
have somebody else go put it up onto their website and someone else put it onto social. Everything
should be seamless and a much easier process. The other thing that we learned was how important to
our community and to our staff the capacity for better translation.

[58:30–59:00]
is. So back in the day in Harvey, when I was using a Google Translate and I said we're not going to
have a makeup day, it came out as there will not be a cosmetics day because the translation tools
just aren't that great. In Apdogee, we have access to the Google Enterprise translation tool, which
is going to make it so much easier to have instant translation to 138 different languages. So we'll
have a much better opportunity to reach our families where they are in the language that they need.
So did we evaluate multiple

[59:30–01:00:00]
programs? We did. We had we're going through a co-op, so we invited all of our current vendors and
then aptogee. So those were the big ones that we would look at that are being used most nationally
that are the best in class. And then my question was Dr. Blaine, you mentioned that you wanted to
use a vendor that all the schools were happy with because right now they want to use different
things. So have they all do they know about this and have they agree? So we did focus.",,,,,,,0,5
30,1:00:00,1:02:00,"[01:00:00–01:00:30]
Groups with high school principals, focus groups with Title I elementary school principals, focus
groups with non-elementary, I mean non-Title I elementary folks and middle school principals. And
when we showed them, we actually had the uh this vendor on walking them through what the process
would be and how much easier it would be. And I think the the feedback was excellent, that they were
very excited. Can I guarantee that no principal is ever going to send a message through Skyward? I
can't guarantee that, but what I can tell you is would they have 24 hours 7 tech support, which no
one else has.

[01:00:30–01:01:00]
Which no one else had to that same degree, a robust training opportunity. And so we have the next
six months to really get that website where we want, get all the training, get all the pieces in
place, and make sure that everybody is ready so that when we turn this on for the t next school
year, everyone will have all the information they need to be able to use it easily and hopefully
it's gonna save everybody a lot of time. Well and Linda, I want to say thank you for uh actively
looking and saving us money every year. Because we, you know, as a board, we've said

[01:01:00–01:01:30]
Said we've had budget cuts everywhere and we've asked everyone to go back and tighten their belt.
And so not only is this more efficient, it sounds like, you know, for users, but it's gonna save us
money every year. So absolutely. That was critical for us that we found economies of scale, not only
in the user experience, but significantly in the bottom line. One quick question. Um, I'm assuming
this will also apply to um messages from transportation. Like we won't be you know how remind goes
out about transportation. Like my hope is that everything goes out okay through

[01:01:30–01:02:00]
out through this one um opportunity using aptog in their messaging tool they have an email um tool
they have newsletter tool so that people don't have to have s'more and all the different and when I
tell you the 84,418 number that doesn't count all the little contracts that campuses may be using
for SMOR or other things that are working for them. So our our aim is everybody's in one place.
Everything is in one place. I think that will be very well received by the community. We certainly
hope so we're gonna do everything in our power to make sure it's a fabulous um implementation and a
really great boost for everyone",,,,,,,1,5
31,1:02:00,1:04:00,"[01:02:00–01:02:30]
Boost for everybody on the internal end and on the receiving end. Thanks for all the great
questions. Thank you. Okay. Um all those in favor say aye. Aye. Those opposed say no. The motion is
approved by a vote of seven to zero that we approve item eleven C. Okay. We will now consider item
11D separately. Do we have a motion? Motion. Second. It has been moved by Walker Agnew and seconded
by Chris Ernest. Is there any discussion?

[01:02:30–01:03:00]
What how much is the additional stipend for these employees that take on these additional
responsibilities? Are you talking about the appraisers? Yes. Um there's they these this there's no
additional stipend. So the reason we bring them to you is they get so like for example, if you hire
um a new assistant principal and they have to get T test certified, but they weren't an assistant
principal at the beginning of the year, but they take their certification, you guys have to
officially vote that they are allowed to appraise teachers. So these three people have just gotten
their certification. Okay, thank you. Yep.

[01:03:00–01:03:30]
Yep. Okay. All those in favor say aye. Okay. Those opposed say no. The motion is approved by a vote
of seven to zero that we approve item eleven D. Dr. Blaine, do you have any closing remarks? I do
not. There being no further business to come before the board, this regular meeting is adjourned.
The time is now eight oh three.",,,,,,,0,5