chunk_id,window_start,window_end,text,binary_hit
0,0:00:00,0:02:00,"[00:00–00:30]
I call this regular meeting of the Spring Branch Independent School District Board of Trustees to
order. Let the record show the time is now six o'clock, and a quorum of board members is present.
Everyone here. The meeting has been duly called, and the notice for this meeting has been posted in
accordance with the Texas Open Meetings Act, Texas Government Code, Chapter 551.041. Please stand
while Trustee David Slattery leads us in the Pledges of Allegiance to the U.S. and Texas blacks.

[00:30–01:00]
Texas flags. I would like to introduce the senior administrative staff.

[01:00–01:30]
Staff. They are Ms. Linda Buckman, Associate Superintendent for Communications and Community
Engagement, Ms. Karen Heath, Associate Superintendent for Administration and Talent, Ms. Christina
Massick, Associate Superintendent for Information Technology, Dr. Annie Wolf, Associate
Superintendent for Academics, Ms. Christine Porter, Associate Superintendent for Finance, Mr. Travis
Stanford, Associate Superintendent for Operations, Dr. Jennifer Parker, Community Superintendent,
Dr. Brian Williams, Community Superintendent. I would like to introduce

[01:30–02:00]
your board members. Board member David Slattery, Board Member Chris Ernest, Stacey Kim, Executive
Assistant to the Board, Dr. Jennifer Blaine, I am Lisa Alpe, Board President, Board Vice President,
Courtney Anderson, Board Secretary, Shannon Mahan, Board Member John Perez, Board Member Caroline H.
Bennett. Dr. Blaine, do you have any opening remarks? Just want to thank everybody for coming out
tonight. We have lots and lots of awards to give out, and we're really excited for both our",0
1,0:02:00,0:04:00,"[02:00–02:30]
students and our staff who are winning awards this evening, and we know families that are here with
them this evening are also equally excited. So thank you for coming out. We look forward to a great
board meeting. The first item on the agenda is public comment on special presentations. Because we
have a special presentation of guests tonight in our meeting to honor their time, we would like to
hear public comments only on the special presentation at this time. All other public comments will
be heard after special presentation.

[02:30–03:00]
Yeah, I'm not reading all that. Um we have no one that signed up for special presentation public
comment. Before we begin our special presentations, are there any Boy Scouts in attendance? If you
could tell us your name, troop number, and badge. No one? Okay. The next item on the agenda is
special presentations. John Press. Amazing things have been happening around SBIST since.

[03:00–03:30]
SBISD since the start of the school year, we invite you to turn your attention to the screen to
enjoy just a few of the many highlights and recognitions earned by our students and staff as we view
this month's sights and sounds around SBISD.",0
2,0:06:00,0:08:00,"[06:30–07:00]
Courtney, each year, the Spring Branch Education Foundation finds meaningful ways to

[07:00–07:30]
partner with the district and community to fund programs that enhance students' educational
experience and support the district's T24 vision for student success. We thank the SBEF for your
work and partnership to bring much needed resources to our students, staffs, and school. Here to
share more and introduce representatives from SBEF for a Czech presentation is Linda Buckman, the
Associate Superintendent for Communications and Community Engagement.

[07:30–08:00]
Thank you so much. Good evening, President Alpe, Dr. Blaine, trustees, and all of our guests. It's
always one of my favorite nights of the year when I have a chance to say thank you to our incredible
partners and friends at the Spring Branch Education Foundation, and to celebrate that every year
when they come with their check presentation, the check seems to get bigger and bigger and bigger,
which is a celebration not only for their incredible work, but for the generosity of our community.
The foundation plays a really",0
3,0:08:00,0:10:00,"[08:30–09:00]
vital role in Spring Branch, not only in the work that they do on their own, but the work that they
do as an extension of our work in engaging our community. And I can think of no better example than
the recent fashion show that was a sellout at the post oak ballroom. You don't sell out the post oak
ballroom just easily. Like to have 850 young, excited, engaged parents eager to learn how they could
help and how they could get involved in the district is a huge, huge testament to.

[09:00–09:30]
the foundation and the incredible work that not only CC and the board does, but also all the
volunteers who are behind the scenes as additional volunteers working for the foundation. I think
it's also important for us to note just the what the impact is of the giant number that you're going
to see on that Czech presentation tonight. From tens of thousands of dollars in school supplies for
all of our Title I schools, thousands of dollars in grants for our educators, the many grants that
they partner with us on that we were able to surprise teachers.

[09:30–10:00]
Teachers within the last two weeks in their classrooms and hundreds of thousands of dollars in
scholarships that come to our to our students, this would not be possible without the Education
Foundation. And I think it's really important to note that in the last year, as we were forced to
make very difficult decisions, the importance of having that 501c3 partner that enables donors to
make those tax advantaged gifts to the district through the foundation is really more important than
ever. And so, with no further ado, I invite my dear friend Cece Thompson, the executive director.",0
4,0:10:00,0:12:00,"[10:00–10:30]
and Evan Peroni, who's serving as our board chair this year, for their fabulous presentation of a
very large check. Thank you all. Let's read the number. $2,710,494. Okay, let's say that again.
$2,710,494 and importantly 31 cents. Congratulations, all that hard work represented by your
volunteers and all the members of our generous community who made.

[10:30–11:00]
that happen. Thank you very much. Most importantly this is the Chapman. Thank you very much. Thanks,
Emerson. We are honored this evening to share our sincere congratulations as we recognize

[11:00–11:30]
SBISD students who have earned the coveted National Merit Semifinalist recognition. National Merit
Semifinalists become eligible for this national scholarship program when they take the PSAT National
Merit Scholarship Qualifying Test as juniors. Semifinalists represent less than 1% of our high
school graduating class in Texas and rank as the nation's highest scoring test takers. Please join
me tonight in welcoming to the podium Memorial High School Principal Lisa Weir, Stratford High
School Principal.

[11:30–12:00]
Ray Morris Barnes and Spring Branch Academic Institute Director Patricia Cassier, who will come
forward to introduce their students who have earned this very coveted honor. Thank you. Thank you so
much for having us. President Alpey, Dr. Blaine, Board of Trustees, thanks for having us tonight.
It's my honor and pleasure to introduce to you the 16 National Merit Center semifinalists from
Memorial High School. So when I call your name and you're here, if you'd come up and then we'll take
a picture at the end. Rex Fenella, Benjamin Haley.",0
5,0:12:00,0:14:00,"[12:00–12:30]
Matthew P, Andrew G, Natalie Jones, Vivian Jones, G Sue Kim, Aidan Cook, Catherine Rothermone,
Adeline Street, Henry Sue, Kate Wang, Isabella Wells, Lillian Wu, David Shu,

[13:00–13:30]
And Peter Yang. I know the right hand of four.

[13:30–14:00]
And then it's a good thing.",0
6,0:14:00,0:16:00,"[14:00–14:30]
Good evening. Congratulations, Memorial High School 16. That's outstanding and amazing. So we
commend you for that accomplishment. My name is Ray Morris Barnes. I'm the principal of Stratford
High School. So President Apple Board of Trustees, Dr. Blaine, thank you for having us here. We have
two students that we would like to recognize at this time. When you're called when I call your name,
please come forward.

[14:30–15:00]
Forward, Miss Natalie Elliott. And Mr. Paul Robinson, I think.

[15:00–15:30]
Patricia Cassier, please come forward. Board President Alfee, Dr. Blaine, board members, and senior
staff. On behalf of the Spring Branch Academic Institute community, thank you for recognizing
academic excellence. The Sabai class of twenty twenty five consists of ten students, and today we
honor three of our dressers.

[15:30–16:00]
three of our dragons. Joining me is Sabaya Assistant Director, Kamen McIver, please stand came in.
She is an integral part to the success of our children. And because it takes a village, I would like
for the parents of our students when I call your name, parents please stand. We thank our parents,
our teachers, and all of the support that we receive from so many individuals that make up our
wonderful district. Congratulations to Tyler Farguson.",0
7,0:16:00,0:18:00,"[16:00–16:30]
Vera Caria and Lucy Thomas.

[17:00–17:30]
Okay. The Mark of Excellence is a national music competition sponsored by the Foundation for Music
Education. The contest recognizes music ensembles for high standards and performance. In twenty
twenty four, there were four hundred and fifty entries from forty states.

[17:30–18:00]
States and Stratford High Orchestra was named a national winner. I am pleased to invite to the
podium Houston Hayes, SBISC Director of Fine Arts at Health Fitness, to share a few words about this
incredible honor. Director Hayes will also introduce our Stratford Symphony Orchestra Director, Art
and Zuri, and his very talented students. Okay. Thank you very much. Dr. Blaine, President Alby,
members of the board, thank you so much for the opportunity to give a few brief uh remarks about the
Stratford High School Orchestra. Every year at the beginning of the year, I give the same speech to
my guys at our District Staff Development Day, and it's",0
8,0:18:00,0:20:00,"[18:00–18:30]
all about your fine arts program becoming the cultural centerpiece of your campus, your district,
and your community. You know, I believe in the old adage that every member of the community has two
points with the school district, whether they have kids there or not, and that's through athletics
and fine arts. And there is no program that represents this mentality more than the Stratford High
School Orchestra. They are quite literally everywhere. You see them all the time. They uh they with
a relentless work ethic and a just say yes mentality to all requests, they are slowly conquering the
world.

[18:30–19:00]
Arton Zuri is the head director at Stratford, and he's been leading the orchestra program there for
the last four years. But he's been in SBISD for the last 28, and everywhere he's been, he's been
he's enhanced the level of musical mastery of all of our kids, and in the process made that the de
facto district standard. He's an amazing leader, a stellar, a stellar cellist, and an absolutely
tireless worker. His assistant director is Marcos Altamorano. He has been at Stratford for the past
six years, 19 in SBI Steve total. Marcos's passion for music and his ability to keep the fun.

[19:00–19:30]
and exuberance in any situation, even in something as complex as orchestra, make them a perfect fit
for this amazing team. This recognition from the mark of excellence is a big deal. It's a national
competition that schools that are twice the size of Stratford High School compete in. And the fact
that they are listed as a finalist and a commended uh commended group is a really big thing. Uh this
should come as no surprise, though. This group of student artists has shown time again that they
will rise to any level that they desire. It's my privilege to support them in whatever way I can.
And at this time, I'd like to recognize the kids.

[19:30–20:00]
So guys, what I'm gonna do is I'm gonna say your name, and then when you hear your name, I want you
to come up here and hang out while we all take a picture. Alright, so first off we have Ariana
Altamorano, Samuel Brooks, Kyle Chin, Alexander Cheng, Madison Chu, Tara Setkovich, Phoebe Heidel,
Alice Jiang,",0
9,0:20:00,0:22:00,"[20:00–20:30]
Alice Jung, Jeho Lee, Megan Nguyen, Paul Robinson, Morgan Swearer, Brian Ung, Mikai Yazdi, and Rana
Gilderim. All right. Arton Marcos, come up here, let's take a picture.

[20:30–21:00]
I'll have everyone take one step to your left. Perfect. And then back to your right. There we go.

[21:30–22:00]
We are very pleased and proud this evening to write.",0
10,0:22:00,0:24:00,"[22:00–22:30]
I'm proud this evening to recognize a superlative Spring Branch ISD educator, Shadow Oaks Elementary
School teacher, Ms. Sylvia Tang. Ms. Tang was recently honored by Asia Society Texas with her Wai
Ping Soon Educator Award. This award is given to educators who have made a significant impact in
promoting global learning and intercultural connectivity. Ms. Tang was recognized in the category of
intercultural bridge builders for creating an inclusive, dynamic learning environment. Ms. Tang was
recently recognized at the organization.

[22:30–23:00]
At the organization's Huffington Awards dinner, where she received a $1,000 scholarship and a $1,000
cash award. Here to share a few words about Ms. Tang and the incredible impact she has had on her
students and her school is Shadow Oaks Elementary Principal Mandy Antolini. Good evening, President
Alby, Dr. Plaine, Board of Trustees. Tonight is a special honor for Shadow Oaks Elementary. We take
a lot of time in really bringing the best staff for our scholars so that they can have.

[23:00–23:30]
opportunities. Opportunities in the classroom, opportunities in their fine arts, and opportunities
at health fitness. So this year I am very, very thankful and want to send a special gratitude to Ms.
Tang for the musical opportunities she's already displaying at our campus, and it's only midway
towards the end of October. Our scholars are singing. We started our drama club today. Today was her
first day with drama club. And so our scholars are just getting opportunities that we haven't had
before. So I just want to send a special

[23:30–24:00]
thank you to Miss Teen. So come on up. And I want to invite her daughter as well. She has her
daughter with her this evening. And because this is such a special honor for Shadow Oaks, I also
have my administrative team, my assistant principal, Mr. Rickiness, and my counselor, Miss Gusman,
here to also share this accomplishment with Miss Team.",0
11,0:24:00,0:26:00,"[24:00–24:30]
She's at the moment. In recent weeks,

[24:30–25:00]
the Region 4 Education Service Center's Office of Emergency Management and School Safety unveiled a
new recognition, the Dr. Page Rod Page School Safety Award. This award recognizes districts for
their outstanding commitment and unwavering dedication to ensuring the safety and security of their
students and staff. With safety and security being our highest priority in Spring Branch ISD, we
were so proud to have learned that SBISD Chief of Police, Larry Bainbridge, and our district were
among the three inaugural honorees for this new recognition. At the recent Region IV School Safety
Expo

[25:30–26:00]
at which this award was given. Ken Colbert, Region IV Director of Emergency Management and School
Safety noted several Region Four school systems were selected for the inaugural Rod Page Safety and
Action Awards to recognize individuals or teams within our school community who demonstrate
exceptional efficiency and effectiveness in managing crisis or emergency situations. This award
celebrates those who go above and beyond to ensure the safety and well-being of our schools. We
thank Chief Larry Bainbridge, our entire SBISD police force, and all who partner with us to
prioritize the safety of our schools.",0
12,0:26:00,0:28:00,"[26:00–26:30]
Congratulations, thank you very much.

[26:30–27:00]
The next item is public comment on agenda or non-agenda items at regular meetings. The board sets
aside a specific time entitled Public Comment to hear persons who desire to make comments.

[27:00–27:30]
to the board concerning either agenda or non agenda items. As special meetings, workshops, and
retreats, the board sets aside a specific time to hear persons who desire to make comments to the
board concerning agenda items. Individuals who wish to participate during the portion of the meeting
designated for public comment shall sign up by completing the appropriate form on the district
website, by submitting the form in person at the ad building, or by sending an email with the
district form as an attachment to the email address listed on the form. Public comment forms must be
received no later than.

[27:30–28:00]
noon on the day of the meeting and shall indicate the agenda item or topic on which they wish to
address the board. The length of public comment shall be at the discretion of the board president,
not to exceed four minutes. We will do four minutes today. Because individual rights are protected
by various laws and board policies, complaints regarding specific employees or students should be
directed to the administration. If a person makes complaints about a specific employee or student
during public comment, the board president has the discretion to move the board into closed session
to hear such complaints.",0
13,0:28:00,0:30:00,"[28:00–28:30]
Complaints. If anyone makes a complaint about a specific employee by name or job title, the board
may hold the public comment until the end of the public comments and hear all such complaints
individually in closed session. Under the law, the board cannot deliberate, discuss, or make a
decision on any subject that is not on the agenda. So, as a general matter, the board does not
respond to questions at public comment. Specific factual information or review of existing policy,
however, were legally allowed, may be provided in response to inquiries or questions. At this time,
we will begin.

[28:30–29:00]
public comment. And our first speaker is Lee Lee Gang. We ask that you come forward to the
microphone and please state your name, address, and the agenda item number which you are speaking
about. Good evening, everyone. My name is Nikon Le and my zip code is 77024. Today I would like to
talk about common sense. The meaning of common sense is sound under prudent judgment based on a
simple perception of the situation or facts.

[29:00–29:30]
For example, we do not need a doctor's degree to determine whether a baby is a boy or a girl. God
created a man and women. By physical appearance we can make a simple judgment that a person is a boy
or a girl. This is common sense. Government does not make profits, it only connects tax from one
group of people and distributes a portion of the tax to another group of people. Any cost from the
government is paid by taxpayers. We do not need a bachelor's degree in economics. This is common",0
14,0:30:00,0:32:00,"[30:00–30:30]
sense. If we are not happy with any public policy, we must we must take actions, not not just
complain. Any law is written by federal and state government and excluded by judges. If we are not
happy with the law, we can vote against the representatives who write it, and we can vote against
the judges if they do not follow the law. If we are too busy for our work and we do not have time to
vote, do not worry about it. The government only did our tax and we can pay more tax from our
income.

[30:30–31:00]
Other people can vote for us. However, the result is beyond our expectation. This is common sense.
Most of us use Google, YouTube, Facebook, and many other social media platforms daily. However, we
are users, not customers, to these gain technique companies. Their shareholders want to make profit
from the social media. Thus, the customers who pay the advertisement would significantly affect the
social media platform, not the silent users. Therefore, the media is biased by

[31:00–31:30]
the customer who pay money. This is common sense. A third way is a hypothesis, which is not being
proven wrong yet. It is an explanation of the extra lecture world. However, the explanation may be
proven wrong in the future. Thus, third way is more like an opinion instead of a fact. Third is a
later religious belief and it can be challenged by everyone. This is common sense. At school in our
district, most teachers are.

[31:30–32:00]
female, students have much fewer opportunities to talk to the male teachers. This is a fact. In the
long term, the students are affected by the teachers. This is common sense. I hope the teachers can
teach more knowledge in common sense instead of story theories at school. In fact, common sense is
less and less common now. I hope we can work together and change this tendency. Thank you. Jay
Alison Chapin.",0
15,0:32:00,0:34:00,"[32:00–32:30]
Yeah. Can we can we switch things? Cindy Fertina? Cynthia I don't. I just have to go in order and I
don't who's the other one? Cynthia Fertina? I don't have her signed up. Oh, you don't. Oh. All
right, you do you wanna read?

[32:30–33:00]
I think you are you Ms. Chapin? Yes. I'm Miss Chapin. You have to read because you're signed up.
Okay. All right. Hi. Alison Chapin, uh Spring Branch AFT. I'm here today to speak about the
resolution in support of the Texas AFT Educator Bill of Rights. There's a lot of whereas. You should
have the document with you. Whereas educators are the backbone of our public education system and
their working conditions directly impact the learning conditions of our students, and Texas public
schools continue.

[33:00–33:30]
to face a worsening recruitment and retention crisis as manifested in the record high teacher
turnover rate and number of uncertified new teacher hires in the two 2023-2024 school year, and the
Texas uh the Texas American Federation of Teachers has developed an educator bill of rights
outlining 10 crucial areas that need to be addressed to recruit and retain quality educators in our
public schools. And whereas Texas AFTs, Texas Need Teachers.",0
16,0:34:00,0:36:00,"[34:00–34:30]
report found that working conditions were almost twice as important as compensation and retaining
educators, yet many educators face challenging working environments, undefined work hours,
insufficient time for instruction, safety concerns, and unreasonable class sizes. And whereas Texas
teachers earn over $9,000 less than the national average, with an inflation adjusted salaries 6%
lower than they were in 2015, contributing to a statewide educator shortage.

[34:30–35:00]
College. Whereas schools receive approximately $5,000 in per student funding, and the basic
allotment has not been increased since 2019, despite 23% inflation contributing to a statewide
budget deficit crisis. You guys know all about that. Despite the modest and long overdue cost of
living adjustment approved by voters in November of 2023, retired educators' pensions have not kept
pace with inflation, and the average return.

[35:00–35:30]
And the average retired educator receives only $21.99 per month from the TRS system, which is
insignificant for a dignified and secure retirement. And whereas 45% of educators who need regular
childcare have trouble assessing or affording it, and more than half the Texas counties are
considered child care deserts. And whereas gun violence prevention has ranked among the top
priorities out of 11 communities and social justice issues in Texas AFT's 2024 member survey,
underscoring the urgent need for enhanced.

[35:30–36:00]
safety measures in schools. And whereas recent policies have led to classroom censorship, book
demands, and limitations on instructional materials undermining educators' ability to teach
effectively and compromising the quality of education, and whereas educators are often required to
complete redundant and/or unnecessary trainings that do not contribute meaningfully to their
professional growth or ability to serve students. And whereas Texas educators are prohibited under
state law from engaging in collective bargaining.",1
17,0:36:00,0:38:00,"[36:00–36:30]
limiting their voice in improving their working conditions and student learning conditions, and
whereas the Texas Retirement System Board seats are appointed by the governor rather than elected
TRS retirees, limiting educators' input on decisions affecting their retirement. And whereas there
are growth growing concerns about the use of public education funds for private religious education
under proposed voucher programs, compromising the principles of separation in church and state, and
whereas addressing

[36:30–37:00]
these issues is crucial for the recruitment and retention of quality educators and ultimately for
the success of our students and strength of our public education education system. Therefore, be it
resolved. Can you keep going? No ma'am. All right. Thank you. Juan Jose Reyes.

[37:00–37:30]
And I live in zip code 77079. I'm speaking regarding 11J as segments of gifts. I'm just so amazed of
the trustee here doing uh signs to the chief of police to get me arrested after I'm done if I don't
behave. It's amazing. Last time I attended a board meeting, Trustee Alpe generously provided some
information about the gift from SBMSA. I think she mentioned over 10,000 10 million dollars since
2017. First, I felt so honored that she prepared a response specifically for

[37:30–38:00]
me, although this response was not in the agenda. However, there was no answer to my actual
questions. Back to the gift. This is another fake, fake gift, much like the whole 10 million trustee
Alpic claims SBMSA has donated. The reality is that most of these gifts are not for the district,
but but are to be used exclusively by SBMSA. In this case, they are donating basketball equipment
for elementary grade kids to be installed in a middle high school. Do you see the contradiction?
These gifts are",0
18,0:38:00,0:40:00,"[38:30–39:00]
not for all SBISD students, but only for those who participate in SBMSA, which in my experience as
coach are mostly from the south of I-10 and a few high-income elementary schools in the north side.
SBISD for all. Thank you. Mr. Reyes, I'd be happy to talk to you about your comments. Okay. That's
fine. The next item on the agenda is a public hearing on the district's 2023-2024.

[39:00–39:30]
2024 Financial Integrity Rating System of Texas. Dr. Blaine. This evening we have David Bender, the
controller for the district, and he is going to give our public hearing this evening. David.
President Alpe, Trustees. Dr. Blaine, I'm happy to have a few minutes to talk about first and
introduce the public hearing. School First is the accountability system that the state of

[39:30–40:00]
Texas has implemented. It's designed to encourage and help districts manage their finances well.
There's 21 financial indicators that are used to rate or to score school districts. In addition to
that, there will be some prescribed financial information that we'll disclose. Spring Branch ISD got
a 96 out of 100 available points. Perhaps more impressively, this is the 23rd consecutive year that
SBISD has scored in the top.",1
19,0:40:00,0:42:00,"[40:00–40:30]
ranking criteria in school first. You see that criteria here, with A superior being the top rating.
We'll take a minute or two now and we'll walk through not all of the 21 indicators, but we've
highlighted some that are perhaps a little more relevant to many of us or most of us. The first goes
to our annual financial report. Was there a clean or unmodified opinion on the report? Yes, there
was, so we passed this indicator, this critical indicator, if we didn't get a clean

[40:30–41:00]
report, clean opinion, we'd fail first. Payment terms on debt agreements. The district has
outstanding debt. It's very important that we make payments timely and as required. We did so and we
passed this indicator. Continuing with payments, this uh third indicator we're looking at talks
about payments that are required to other governmental entities. Were those uh payments made
correctly and timely? They were, and we passed this.

[41:00–41:30]
And we pass this indicator. Circling back to the audit report, we're now looking at the auditor's
consideration of the internal controls over financial reporting in the district. We have limited
budgets and limited uh time to implement internal controls, but nonetheless, we do. It's important
to give us comfort that we have accurate financial reporting, minimize the chance of having bad
financial reporting or a mistake, a material mistake in it. The point being

[41:30–42:00]
is that the auditors, the independent auditors, looked at this aspect of our environment as well.
There were no material weaknesses found, and we passed the indicator. Fund balance is a topic that
gets attention on occasion. And understandably, there's a an item in FIRS that looks at fund
balance. The initial question is was there a three year change in fund balance less than a 25%
decline? And for the measurement period for spring branch, we",1
20,0:42:00,0:44:00,"[42:30–43:00]
did have a decline, but it was 1%. Clearly, much less than 25%? We uh we passed this indicator. The
second part of it looks at another measure of fund balance. If we had had that significant 25%
decline, we would have passed that indicator if it came into play with us as well. This is the one
indicator where we didn't score the full points. The question is was the ratio of current assets to
current liabilities?

[43:00–43:30]
For the district sufficient to cover short term debt. So it's looking at current assets and
liabilities. Think of current assets as cash and things that readily convert to cash. And current
liabilities are those near term requirements to use cash. So assets over liabilities has to be three
or more to get to ten points. SBISD's ratio was 2.4, and we scored six points. This is an area, it's
not necessarily intuitive, but recapture is the reason.

[43:30–44:00]
why we didn't have a ratio of three or more. We pay recapture in August and our fiscal year ends in
June. So as of June, on the measurement date for this fiscal period, we had $80 million of cash in
hand that we're gonna have to pay six weeks later. And we had 80 million of liabilities recorded. So
in that ratio, we had an 80 in the top and an 80 in the bottom, a one to one ratio, and
mathematically that pulled us down. If we simply hadn't been a recapture district, we would have",1
21,0:44:00,0:46:00,"[44:00–44:30]
had a ratio of 3.1, and we would have got the full 10 points. So we talked about a ratio looking at
current assets and liabilities. This ratio includes debt and the infrastructure, the buildings, the
equipment, et cetera, that we finance with debt. And it's looking at the ratio of long-term
liabilities to total assets. To score the full 10 points, that ratio had to be 0.6 or less, and it
was for Spring Branch. We scored the full 10 points.

[44:30–45:00]
Points, and this ratio demonstrates that our use of debt is reasonable and appropriate. And then
another ratio that it's probably not a surprise that we highlight in this presentation is looking at
our administrative costs. It's another area where occasionally we focus on our administrative costs.
We're an educational organization. Accordingly, we want to spend money in the classroom. So are we s
minimizing appropriately what we spend on the administrative function in the district? You can see
here the ratio of

[45:00–45:30]
The ratio or the percentage for this admin ratio that first calculates to get to ten points is eight
point six. We were well underneath that at six point nine, and we scored the full ten points, and
clearly demonstrating that we're spending a reasonable amount of our resources on our necessary
administrative functions. The next part of of first is some required financial disclosures. The
first looks at the uh superintendent's employment contract.

[45:30–46:00]
Spring Branch makes that available by posting it on our website, and you can see a link to that
contract. We're required to disclose reimbursements received by the superintendent and the trustees,
the board. And so here you see a chart that shows those reimbursements and similar support or
purchases, primarily having to do with educating professional education.",1
22,0:46:00,0:48:00,"[46:00–46:30]
There was no outside compensation or fees received by the superintendent during the measurement
year. There were no gifts received by the superintendent and board members in the measurement year.
And there were no business transactions between members of the board and the district. President
Alpe, that concludes my prepared remarks on first. At this time, we'd like to invite the public to
speak on the district's 2020.

[47:00–47:30]
On the districts 2023-2024 Financial Integrity Rating System of Texas. The public hearing is now
open. The time is now 647. So the public hearing on the districts 2023-2024 Financial Integrity
Rating System of Texas is now closed. The time is now 648. Is there any discussion?

[47:30–48:00]
All right, no discussion. I would say uh to Christine, thank you uh to you all for your hard work.
Um that's an excellent report. Um I'm kind of mad that we lost four points though, um, but it seems
like that wasn't um due to our own control. But I do appreciate all your work. Um the next item on
the agenda is a discussion and",0
23,0:48:00,0:50:00,"[48:00–48:30]
possible approval of campus performance objectives 2024-2025. Dr. Blaine. Yes, so if you recall,
this item was actually on the agenda for the uh workshop, and we didn't get to it, so we moved it to
the board meeting. So we have Dr. Keith Haffey here with us to do just a very high-level
presentation of the performance objectives. And you all have had the packet with the campus
performance objectives in it, and feel free to ask questions at any time during the presentation.
Dr. Hassy. President Alpi, Board of Trustees, Dr. Blaine, Senior Staff, and Guests. Tonight.

[48:30–49:00]
Tonight, Annie and I are going to introduce a new expanded data set for campuses that will help
inform campus support for achieving our 24 25 campus performance objectives, which we will also
share. You were provided copies of the CPOs at the October Board Workshop. You have the option
tonight to accept these if you so choose. Annie will provide a high level overview of the
opportunity to learn our OTL indicators. This will follow with background information on performance
objectives, including how they align with other leadership goals.

[49:00–49:30]
Goals, the campus improvement planning process, and data sources used for campus performance
objectives. A discussion about opportunity to learn indicators and campus performance objectives
will follow. Annie? Yes. Before Keith gets into his presentation, we just wanted to make mention of
some new work that we're doing this year as we're looking at campus performance objectives to really
identify areas where we can specifically support each campus based on their needs. And so Keith's
going to talk a little bit about opportunity to learn indicators. These are indicators.

[49:30–50:00]
that we're looking at through a partnership with a group called Strive that are helping us
understand beyond just test scores and some of the other things that we would typically look at when
we're thinking of instructional supports for schools. We're looking at other indicators in the
community. We're looking at attendance, we're looking at behavior, we're looking at the age of
experience for our educators because those are the types of indicators that help us be very specific
with the supports that we apply to our campuses. With our resources being slimmer than they were in
the past, we really felt like we needed to learn.",0
24,0:50:00,0:52:00,"[50:00–50:30]
Felt like we needed to look more at root causes in specific areas when we were thinking about our
strategies. So I'm going to hand it over to Keith to talk a little bit more about the opportunity to
learn indicators as he introduces the CPOs. Thanks. So what are these opportunity to learn
indicators? And as Annie mentioned, it's it's a broader net that we cast to look at data that goes
beyond the data that we've already been using to look at past performance of schools and programs.
To learn about the schools, these data backpacks, as they're referred to, are

[51:00–51:30]
To our complex set of factors impacting challenges of teaching all students to high levels of rigor
and to increase leaders' capacity to use data informed decision making to improve teaching and
learning. And so we've been doing this, but we feel like these data are going to take us to another
level of scrutiny to get deeper and more knowledgeable about the factors at play. Leaders at every
school level in the system are being challenged to think differently to successfully address effects
of income inequality and differences in the opportunities to learn on academic performance. The most
readily available and consistent.

[51:30–52:00]
operational definition of education disadvantaged has a student eligibility for free and reduced
price meals, which we refer to as free and reduced lunch prices. Spring Branch has quite a variety
of demographics across our system. In fact, when these data were run, our campuses actually go from
1% economically disadvantaged to 100% economically disadvantaged, with the district running
somewhere in the middle at about 57%.",1
25,0:52:00,0:54:00,"[52:00–52:30]
The free and reduced price meal eligibility, though, does not provide understanding of the complex,
sometimes overwhelming challenges faced by students that can impact their attendance, it can impact
their engagement, and also impact uh their performance. And so we looked at expanding this
definition by uh working with Strive to get this broader net of data that we are going to work with
them. Um, student success is is tied directly to the young person's opportunities to learn, and and
that's um what we've talked about.

[52:30–53:00]
in many different ways, but it really is the opportunities that students have outside and inside of
school. The opportunity to learn or OTL is defined as whether students have had sufficient access to
conditions, instruction, resources, and supports. They need to thrive in school, pursue their
purpose and develop their agency, and contribute as community members in informed decisions. There
are multiple layers of these OTLs, and they are data that are school are factors within the school
and also outside of school. The domains that uh that contain

[53:00–53:30]
these opportunities to learn are 12 indicators in student demographics, nine indicators that are
under effective school indicators, five student engagement indicators, eight neighborhood
indicators, and student outcomes. And those neighborhood indicators are select indicators that are
drawn from census data. We've shared reports with principals and generated some questions and looked
at the degree of support that were in place for students, teachers, and schools. These questions

[53:30–54:00]
may ultimately lead to an examination of all types of resources and resource allocation. And that
was really the trigger that caused us to reach out to Strive was decision making. And we've done
this in the past with methodologies that we've used, but the data that this process captures for us
is broader and deeper, and we feel like it can it can really help guide these decision-making
processes. And so that leads me to what it is that we're trying to support, and that is",1
26,0:54:00,0:56:00,"[54:00–54:30]
the achievement of our campus performance objectives. So the Texas Education Code requires that the
Board of Trustees review and approve annually these performance objectives. Performance objectives
are components of the district and campus improvement plans. These plans are aligned with the
superintendent priorities and all in support of every child achieving the vision of T24. Performance
objectives from campus improvement plans are aligned with the district improvement plan and contain
the targets set.

[54:30–55:00]
by each campus. These planning processes begin with an in-depth needs assessment that includes a
review of the most recent data. Principals lead the campus leadership team and staff through this
review and target setting process. Strategies to support each performance objective are determined,
and responsibilities are shared with campus staff and teachers. Principals collaborate with their
community superintendent to finalize the plans. Community superintendents then conduct quarterly
reviews with campus leaders to monitor the progress, and the effective school framework provides the
foundation used.

[55:30–56:00]
in this process. The district improvement plan has six goals student achievement, student support,
safe schools, community and family engagement, talent strategy, and fiscal responsibility. Four of
the six goals comprise the campus improvement plans. This is an example of the composition of goal
and performance objectives. The campus goals, which come from the district improvement plan, are
supported by measurable performance objectives. It is the performance objective that contains the
target for the outcome in that.",1
27,0:56:00,0:58:00,"[56:00–56:30]
area. This is followed by prior year data whenever available. In this example, there are two years
of prior data, and the 22-23 year is also noted as the baseline year. Whenever there's a change in
the measurement tool or criteria used and comparisons are not appropriate beyond that time, baseline
year lets the reader know that comparisons to past performance will begin with that school year. And
finally, the evaluation data source indicates where the data come from that's used to evaluate the
performance objective for each objective. There may be more.

[56:30–57:00]
than one source, or the source may change from one year to the next. And these evaluation data
sources come from a wide variety of sources that are used to measure these outcomes. Whenever
possible, we like to use performance objectives that rely on third party external reports and data
sources. Since performance objectives span all the grades and programs, so do reports and sources
used. These range from College Board and ACT for secondary students to Springbrush Literacy
Checkpoints and Math Progress Monitoring.

[57:00–57:30]
for our elementary students. Other assessment reports cover measures of academic progress or MAP and
the two state assessment programs, STAR and TELPASS. Reports from TEA include state data tables and
Texas Academic Report Performance Report or TAPER. And for tracking graduates, the National Student
Clearinghouse Report reports our primary data source. The packet you have provided begins with the
district performance objectives, is followed by campus performance objectives by level, first the
pre K schools, then L.

[57:30–58:00]
Schools, then elementary, then middle, and then finally high schools and K twelves. This concludes
the presentation on opportunity to learn and performance objective, and I'll open it up now for
questions and discussion. So I was actually just curious about protocol. So I heard that we are
approving something. Does that mean we have to have a motion first to discuss? Yes.",1
28,0:58:00,1:00:00,"[58:00–58:30]
So I move to approve and adopt the 2024 2025 campus performance objectives. Second. It has been
moved by John Perez and seconded by Shannon Mahan. Is there any discussion? Sure, I guess I had
another question. Sorry, Dr. Afkin. I I appreciate everything you do. I'm I'm sorry we were late the
last meeting. I I think you stayed up here. I mean I felt so bad. Uh so first off, apologies. I
guess the other question I had is so I heard that we're approving something, but then

[58:30–59:00]
when I looked at this, I saw that we had performance objectives, like say on Holybrook, right? We
have page 75 of my packet, performance objective five, early literacy, and I don't see any uh
previous year data. So what exactly are we approving? Are are we approving the performance objective
five that we're gonna the the what you're approving is actually the performance objective. Okay. And
the targets that the campus sets. Um the the prior year data and the evaluation data sources uh we
provide

[59:30–01:00:00]
as part of we feel like that's the that the complete package so you know where the data come from
and what the most recent performance has been. But the actual piece that the board is required to
improve to approve annually is the campus performance objectives. Gotcha. And I guess my concern
there was I'm seeing the request for us to approve an increase of five percentage points, but I have
no idea. Do we in on some of these, I don't know if we improved one?",0
29,1:00:00,1:02:00,"[01:00:00–01:00:30]
If we went down. So I guess on some of those, I feel like I'm approving very blindly. Um some I can
track and feel pretty good, but then I'd also challenge, for example, again, just picking on
Holybrook. We had the Tel Pass progress rate of 57 in 2324, and it was 57 as a baseline in 2223. But
I think you're asking me to increase at least one composite score level on Tel Pass will meet or
exceed the expected growth target for English language proficiency status. Am I increasing a percent
increase there? Or what am I really approving on?

[01:00:30–01:01:00]
that performance objective. So I'm just what I'm getting at is I think I'm going to have a hard time
saying I bless this when I'm not sure I completely understand. Well, to depending on the performance
objective and to the extent possible, some of them they may have a baseline year. For example, since
you're with Holybrook, if you look at performance objective six, uh the early numeracy, um this is
this isn't this year we're establishing a baseline year. So there aren't prior year data sources.

[01:01:00–01:01:30]
there. But if you go to Performance Objective One, you see that we have two years of prior year data
and the 2223 year was the baseline data because of the new the new redesign star that that began
that year. So it really varies from um from indicator to indicator. Coming back to the the Telpass,
one of the things that it's it shows 2223 is a baseline year and it shows um the the rate in uh
being the same in both of those years. And

[01:01:30–01:02:00]
And as it turns out, this year, again, um the the agency is changing the measurement uh meth
methodology for telpas. And so what you're gonna see next year again is that this is another
baseline because they've changed the methodology about how we're measured in this in determining
progress of English learners. And so that's why some of these you see more data when it's available,
and others not so much, because each of them has a source that's unique to that particular
performance objective.",1
30,1:02:00,1:04:00,"[01:02:00–01:02:30]
Does anyone ever challenge the system as to why can't we just pick three? Yeah, to hone in on three
things. I mean I I'm just again, outsider coming in, I don't understand the system entirely
sometimes, but when I look at this, I mean we have one, two, three, four, I mean seven, then we go
down to student support. I mean I I'm not saying we shouldn't do it this way, I'm just saying

[01:02:30–01:03:00]
if you're a leader of a school, that's a lot to try to focus on. I mean, can we just pick three
things and we know that if those three things increase, then pretty much everything else is I I
think the answer to that is that um these each of these performance objectives are not independent,
unique silos. They really are interdependent. And so, for example, again, if and I'll stay with
Hollybrook since you opened that one up. Um, and if you look at performance

[01:03:00–01:03:30]
objectives five and six, that's early literacy and early numeracy. So that's primary grades. If you
look at performance objectives one and two, those are star-tested grades. And so while it seems like
there's a variety of things that maybe there are numerous things there, they really are aligned to
support the you you talk about literacy, numeracy, and student support. Well, that really is at the
essence of these performance objectives.

[01:03:30–01:04:00]
But because of the the span of grades and the students that are being served, the tracks for support
and actions by a staff to make those gains happen are not just three statements. We can say all
students will read better, count better, and be nice to each other. And that would be and we know
literacy and numeracy do lead to success in some of these other areas, but we've done",0
31,1:04:00,1:06:00,"[01:04:30–01:05:00]
so much work with vertical teams and looking at progressions to PSAT, T24, SAT. And really, we have
great leaders who talk and decide like what is it we can do at the elementary level? So you see
those included in here too. How do we make sure more of our students are ready in sixth grade for
advanced courses if they so choose? How do we make sure that we are growing our English learners,
our emergent bilingual, so they're headed to sixth grade, you know, and even before then, ready to
be successful. And so I think it also is showing, because you picked an elementary school, that
vertical piece. So

[01:05:00–01:05:30]
literacy and numeracy are important, but there are other things that we also want to make sure that
we're connecting as we're transitioning students up. So that's just another example that I saw when
I glanced down because it does seem like a lot, but to Keith's point, it's different areas. And our
community superintendents work with these principals. They look through their data with them, they
help make sure that the goals are reasonable. We want them to be smart. We want them to be
measurable goals and that their whole staff can kind of rally around and monitor together.

[01:05:30–01:06:00]
To piggyback on what you just said, so let's let's say that um a campus doesn't meet their goals.
What what happens then? Well, I'll start and maybe um maybe the community superintendents want to
add to it. But um there as I mentioned earlier, there are formative assessments that take place
during the course of the year. And so it's not a beginning of the year and then we wait and see how
it ends. There are formative assessments along the way where uh",0
32,1:06:00,1:08:00,"[01:06:00–01:06:30]
Where student performance and all of these CPOs are monitored. And some of them are monitored at
every formative assessment because of the nature of what they are, while others may have certain
places in the year where they come up. And so when progress is being monitored, they're under
underlying all of these performance objectives are instructional strategies. Because remember, this
is an extract of the campus improvement plan. And the campus improvement plan has all these
strategies that support these performances.

[01:06:30–01:07:00]
That support these performance objectives. And sometimes they're on target and they move the needle
for that particular area. And sometimes these formative assessments cause reflection to either
adjust the strategy, add to a strategy, or deviate from a strategy because of how they're monitoring
the progress in that area. And I can't. Yeah, because that didn't answer my question. So I think I'm
responsive. We we get this question each and every year, and we want to remind the board that our
principles are evaluated through our T PET.

[01:07:00–01:07:30]
Through our T PES evaluation system. And so they're required to set a professional practice goal,
which is really empowering them to focus on some instructional leadership aspect of their job that
they want to get better and improve at. And then they're also required to set a student growth goal.
And so if there's a year where they do not meet their goal, that goes into their evaluation that
they have not met their goal. Now every year is unique, and what we try to do as an administrative
team with Dr. Blaine is we look at patterns and trends. So if we have

[01:07:30–01:08:00]
a campus leader and a campus that over several years their campus is not improving or growing, then
we have a problem, and the conversation sounds and looks a little different with that particular
campus leader. We look at all facets of the campus. Maybe it's a unique year where there are
staffing issues or other challenges that the leader is facing. And so those things are taken into
consideration. But we look for patterns and trends among a campus and a campus leader to see that if
it's not growing over time, if that campus is not growing over time,",0
33,1:08:00,1:10:00,"[01:08:30–01:09:00]
then there are different sets of conversations that we have with that leader. But there is an
evaluation system that we have with our principals, and if they don't meet their goals for the year,
that's reflected in their evaluation. You've not met your goal. And our our principals feel really
horrible about that. They realize that their job, their fundamental job, is to number one, ensure
safety and security for all of our staff and students, but most importantly, to ensure that every
kid that walks through our doors receives high quality instruction every day. So at the heart of
what they do,

[01:09:00–01:09:30]
that is their fundamental purpose for why they show up uh to work every day. Dr. Parker, I don't
know if you want to add anything else. No. I would just um echo what he said that we do hold them
accountable and we do have an evaluation system that we meet with them on a regular and consistent
basis to go over and review where we are throughout the year. And so it's not just a a one document,
it's continuous. Yes, that explained it. Thank you. So here's my other question. Um so since I have
high schoolers, we're knee deep into S.

[01:09:30–01:10:00]
Deep into SAT and ACT. Okay, so Dr. Wolf, you talked about vertical instruction or some fancy educ
word that y'all use. Okay, so here's my question. So the SAT, the English portion. You know, within
the English portion, when you get your score back, it's broken down into categories. Okay, and
there's one called English Conventions, aka grammar. So uh what I found with my oldest son is there
was like the ceiling we had.",0
34,1:10:00,1:12:00,"[01:10:00–01:10:30]
The ceiling we hit that no matter how many times he took it, like he just couldn't learn enough
grammar anymore. And so do we do we look at that data, since that is one of our indicators or
measure measurables? Do we look at that and see how our students do in those subcategories to inform
what we need to be doing at a lower level? Almost like that, that particular category, y'all know
it's near and dear to my heart, but you know, by the time they hit high school.

[01:10:30–01:11:00]
it's it's kind of too late for for English conventions. So does that like tell us we need to do X,
Y, and Z with regard to teaching those things? Yes. And so we look at multiple measures, right? We
have STAR, we have SAT, we even have the PSAT, and we do drill down with our curriculum directors to
those different components. They create their own responses to the data. So if we get data back and
we're like conventions, for example, is low, there's an actual

[01:11:00–01:11:30]
There's an action plan that is developed, like where does this start? What's the root cause? What
trainings do we need to do with high school teachers? But where do we need to go back in the
curriculum and beef up along the way? Sometimes we can even get more granular with the data,
depending on the reports that we get from the college board. I found though, like for SAT, for
example, it's taken a very strategic approach to work with our teachers on kind of owning that as
well as part of the goals that they set and they think about. You know, when we think T24, what does
that mean? It means that all of our students are.

[01:11:30–01:12:00]
able to go to college if that's what they want to do, and they're set up for success and they have
access to scholarships and that sort of thing. So we've over the last year, even just in that
particular assessment, done a lot of cross mapping to what does STAR tell us versus what does SAT
tell us? What are those trends, and how do we work with our teachers to see that connection to what
they're teaching every day from the Texas teaks in the classroom? So long story to answer your
question, yes, we we use all of those data points and like very granularly from our lens. A
principal is also gonna use it, you know, to think about what they're doing on their campus, but as
a team,",1
35,1:12:00,1:14:00,"[01:12:00–01:12:30]
we're all looking at the data together. Is there someone we need to send to a certain campus to work
with them given what that result looked like versus another school? So for I understand specific
campuses, but there is there areas y'all look at that you can see that affects us kind of system-
wide? For example, Dr. Williams and I have talked about grammar, you know, since he was the
principal at Spring Branch Middle. Um, and I know we kind of this isn't you, people above you.

[01:13:00–01:13:30]
made decisions to stop teaching certain basics. And so do we do we see something globally that that
curriculum today doesn't address and and do we do anything to to beef that up? I I'm not gonna say
right now that there's some big global issue that our curriculum's not addressing. There are areas
that we can go deeper. Writing is another good example. We can do more calibration among our um
teacher groups across the district. What what is

[01:13:30–01:14:00]
District, what does good writing look like? It doesn't matter which campus you're at, you know,
helping to support that from the district perspective. But then embedding the opportunities all the
way down to that decoding component that goes with encoding and early literacy, they all connect. So
to Trustee Preza's point earlier, we could have a smaller number, because they overlap, of goals,
but these strategies really are specific to each of these areas, each of these grade levels. So to
answer your question again, I mean, yes, there are areas where we could say we've got to do a better
job with writing. We need to think a little bit more about reading.",1
36,1:14:00,1:16:00,"[01:14:00–01:14:30]
comprehension or inferencing skills. Those are things that are sometimes difficult for students
developmentally depending on what age they're at. So we work together, the community soups and I
meet weekly, we have director meetings weekly. We're looking at data, also presenting it to the
superintendent with our strategies. Can I pipe in here? Excuse me. To your point about trends and
patterns, kind of uh across like the state, region, states, multiple states, you do get those
things. So I mean what we saw that.

[01:14:30–01:15:00]
with phonics. You know, you kind of had it, you have these pendulum swings and they go back and
forth. And so I do think just from my time in curriculum, which has been a long, long time ago, to
now, what what you would advocate for should be in the curriculum is different. So that does happen.
I am very involved. In fact, we have a data meeting tomorrow. Is it tomorrow? Yes. So I look at the
data, I look at it very carefully. Um I I love to look at the numbers. But one of the things that I
have asked our academics department to look closely at over the past couple of years is the number
of kids that are.

[01:15:00–01:15:30]
leaving elementary school and entering into those pre AP classes. Because what I saw, like in 2015,
2016, and you know, we saw a huge dip. If you guys look at that relative performance chart that that
had the 92nd percentile, if you look at that map, we were kind of headed up, and then we took a
nosedive straight down from 2015, and then it was kind of I don't know, flat up down, you know, for
for several years after that. Well, one of the things that you would notice if you dug really deep
in there, and I was actually in operations at the time, but I kept up with the data.

[01:15:30–01:16:00]
because I was just interested in it. And I had you and I've had this conversation. I also had a
child who graduated with maybe not the best writing abilities, who's now a sophomore in college. So
we knew those things were issues. And so what we looked at was how rigorous rigorous is the
elementary curriculum and is it addressing the things that are in that those higher-level
curriculums, like the like the AP curriculum and then the pre-AP curriculum. So what I requested
that the academics department or division do is we need to increase the number of classes that are
offered, or that the number of kids that qualify for those.",1
37,1:16:00,1:18:00,"[01:16:00–01:16:30]
classes in sixth grade and the number of classes that are offered. So if you go talk to the middle
school principals and Brian, if you want to speak to this, and I just walked last week, so and they
know I'm on campus a lot, and so I will ask questions like how many kids do you have in pre AP
classes? Because all of that starts there. I mean, you know that you can't wait till they get into
high school. And we have at least I don't know, we've at least doubled the number of pre AP classes
across the district in middle school, and that's really where you have to look. Um, because when
they get to high school, it's it's I'm saying not gonna say it's too late, but to your point, they
they

[01:17:00–01:17:30]
hit the cap and then you're there. So you really have to look down into the elementary levels to
look at the are they not just passing, but are they meeting those higher standards so that they're
ready? That will then impact as you start to see the early college program because I was at
Northbrook last week and Springwoods High School. And as you start looking at kids that are ready
for that early college program as that starts to expand across the district, they're gonna have to
have been in those, we need them in those higher-level courses in middle school so that they're
ready for high school. So it all

[01:17:30–01:18:00]
trickles down. If that I know that makes sense. But yeah, but yes, and there are patterns and trends
and the pendulum swings in education all the time. And that's one of the things we've seen since I
was an academic. Go ahead, Caroline. Well, just moving away from the balance literacy into a more
structured approach. I think I when I was in the classroom, I mean you did not teach things like
grammar or phonics, because it was all integrated. It was basically like just one. If you could
learn to read, you could learn any subject. And there was no individualized, you know, you didn't
have different sections of things you were teaching. And I think this will naturally lead",0
38,1:18:00,1:20:00,"[01:18:00–01:18:30]
Lead to learning things the way they should be, I think. A strong foundation for sure, and a lot
more writing and writing about reading and connected text. So I have a few questions just on the
performance goals specifically. When you look at performance objective seven, it talks about by June
2025, SBISD will increase the percent of graduates achieving college career military.

[01:18:30–01:19:00]
readiness status by at least three percentage points. Can you guys speak to the CCMR bonus that the
State gives us when we increase? Okay. I know it's it's pretty complicated, but well, it's it's just
multifaceted. So when um in the accountability system, high schools are given points for the number
of students earning at least one CCMR. And of course, that, as you all know, comes from a variety of
possible things that are eligible for that.

[01:19:00–01:19:30]
The CCMR outcomes bonus piece is dependent upon a student earning multiple things or taking multiple
steps after high school. So for example, if a student earns an industry-based certification, they
and they go to college in the fall, the district would be eligible for a CCMR bonus for that
student. But if they earn an industry-based certification and do not go to college in the fall, we
would not.

[01:19:30–01:20:00]
Um uh but the college because they they separate the college readiness and career readiness um uh
pieces. And so if uh and and the bonus comes with what they do after. So if a child earns a um
college readiness and career readiness indicators, then we would be eligible for a bonus because
they've earned both of those. But some but it's sometimes if they only earn one, it depends on what
they do, not just after high school, but immediately after high school. So if a student if a student
takes a gap year and doesn't",1
39,1:20:00,1:22:00,"[01:20:00–01:20:30]
go to college that next year and and explores the world, uh, no matter how many CCMRs they've earned
or how high they did, that we would not be eligible for a bonus for them because they did not go to
college in that year immediately after high school. How do we track that? Like how are we measuring
exactly who's going to college and who's going into the medical. Well, that was one of our data
sources, the National Student Clearing House. So um so we use National Student Clearing House as a
core of tracking students after high school, but there's also

[01:20:30–01:21:00]
a local effort because there are things that the National Student Clearinghouse Report does not
track that also become um eligible criteria that can be met. And so um so but that but the main the
main um uh data source would be National Student Clearinghouse. And we then we track students for
six years after uh high school graduation. Okay. Thank you. Um my next question is on performance
objective eight. Talks about the SBISD will increase the student success rate.

[01:21:30–01:22:00]
on TEA approved industry based certifications and licensures. So industry based certifications in
the past, some of those were able to be earned by students sitting for a test. And so they would
come from the Microsoft Office Suites, they might come from a technical skill. Some of them would be
connected to a course, but some would be an assessment, an industry assessment. One of the things in
that particular area that you",1
40,1:22:00,1:24:00,"[01:22:00–01:22:30]
Particular area that you've spoken to, that's one of the areas that's changing over the next couple
of years. And I think we talked about that at a previous meeting, where the um the agency is
beginning to get away from test only ways of meeting the eligibility for an industry based
certification and making them connected to courses. And in fact, a couple of meetings ago, I think
one of the things that that I connected in my presentation to you was the timing of the New Guthrie
Center and these changes that were coming about because there were going to be more courses required
for.

[01:22:30–01:23:00]
Is required for students to ultimately take that assessment and earn that industry-based
certification. And so the timing couldn't have been more perfect. But that that that's what they and
some of those industry-based certifications are being sunsetted because the uh commissioner is
choosing to uh step away from those and and get more deeply deeply into uh multiple course related
uh programs leading to an industry-based certification. Okay. Thank you. Um, next question. Sorry,
am I hogging the question?

[01:23:00–01:23:30]
time. Performance objective three, responsive services. It says provide intercession for students
exhibiting mental health concerns and at risk behaviors aligned to tier one, two, and three
interventions. What are our tier one, two, and three um interventions? Like, can you give some
examples of those for us? Yes. I think Tyra would be best to come up and share about some of those
interventions in the work that she's doing for responsive services.

[01:23:30–01:24:00]
Good evening, everyone. Yes, we have a variety of different supports and we tend to tier those
supports. So the first line of defense, of course, is the counselor as it relates to mental health.
So we have both mental health and behavioral health. When we're talking about mental health, the
first line of defense is the counselor. So if a kid comes in, they have any type of basic concerns
around mental health, then they're going to see the counselor. If the counselor, after working with
that student, determines",0
41,1:24:00,1:26:00,"[01:24:00–01:24:30]
that they need more ongoing support, then we usually refer to CIS. If for some reason the campus
does not have CIS, we also have CYS, which is our tier three support, because they have a variety of
different resources that supports the same as CYS, I mean a CIS, except a little more extensive. So
we have a variety of different supports we use in district, but then if we determine that it's
really ongoing support that is beyond

[01:24:30–01:25:00]
what we can provide here in the district. Then we're going to look at our in-district partners. We
have Harris Center in the district. We have Spring Branch Community Health supporting some campuses.
We have certain partners that come into district as well, like Mosaic Tree. But then when we have
something beyond that, then we're looking at the long-term care, and that's when we go to our
outside partners that are even beyond that. And we have a variety, it's a wide list of supports that
we have. So it just depends on the specific.

[01:25:30–01:26:00]
student and what they need. We try to service them in district as much as possible because we have a
captive audience. We can actually service the students right here under our roof, and it's easier to
provide those wraparound services. But then, if for some reason it's something beyond that, then we
refer out and then we always send the opportunity for them to communicate with us so that we can
provide supports in district that align with what they're doing outside of district as well. If
we're talking about behavioral supports for that first line.",0
42,1:26:00,1:28:00,"[01:26:00–01:26:30]
of defense for students, we have what's called care coaches. They're our responsive services coaches
now. We actually changed the name. So for years we've had care coaches. Now we have responsive
services coaches, they're more teacher-facing, and then we have transformational services coaches
and they're more student-facing. So we're always trying to work with the teachers and the adults in
the system to build their capacity while also looking out for the needs of the student. And we've
found that when we're working

[01:26:30–01:27:00]
with the teacher and the student at the same time, it brings those resources together in a way that
increases the time it takes to be able to turn the behaviors around for a student in a classroom and
keep them in first-line instruction. Because anytime they're missing time outside the classroom, and
it's usually the young ones, that's where we're seeing the greatest amount of time is when kids
transition into pre-K or they transition into kinder and they haven't been in a structured setting.
That's where we see a lot of concern.

[01:27:00–01:27:30]
See a lot of concerns and where we spend the most time. But then also, you know, when we have
students that have behavioral concerns anywhere throughout the system, when they're, you know, tier
one, it's more working with that teacher to help them with, you know, that tier one is for all
students. So any student that's exhibiting any kind of behavior, we're working with the teacher to
be able to support and facilitate that and manage. But as the behaviors increase and we start going
into tier two, then that's when we're starting to, you know, intensify and bring in someone that's

[01:27:30–01:28:00]
going to work with that student as well, but then when we get to tier three, we're really
intensifying because the next step is to look at is there any type of you know mental health
disorder or illness that's in place and we intervene in that way. So we have a variety of different
supports. They they are not mutually exclusive. We always bring in the mental health factor and have
we have a mental health facilitator and crisis counselor that comes in and also supports in that
process. So if it is manifesting",0
43,1:28:00,1:30:00,"[01:28:00–01:28:30]
behaviorally, we also then come back to see is it mental health or behavioral health, and sometimes
it's both. And then we also participate in the threat assessment process as well with both mental
and behavioral. Thank you. And then I guess my last question, and this might be a question for
Karen, what is our plan to recruit teachers from Texas universities? Because I know how hard it is,
you know, with less people and less money and

[01:28:30–01:29:00]
And yet this is a big problem I see coming down the pipeline that's get it's growing a little bit
more each year. We continue to go out and recruit. I think Brian just recently got back from UT
specifically. But uh no, we we go out every year, we look at the data on the candidates that are
graduating, uh, what areas of certification they will have, and that's both in-state and out of
state when we're looking for where we're gonna go. Uh we go we push in early in their junior year.

[01:29:00–01:29:30]
and go into the classes and start visiting with the students there so they can get to know us. And
we make sure that we talk to the bilingual organizations, we talk to all the very specific groups
that are at the university. So that's what we do. We make sure with if it's a science, math, we're
going and talking to those students to try to make sure that they know who we are and know that they
can call us anytime or email us anytime, and we will help them. Our principals help support.",0
44,1:30:00,1:32:00,"[01:30:00–01:30:30]
Support, they let them come onto campus and do tours and visits. We have Jennifer's participated. We
connect with Texas AM. They have a bus. We put them in a bus and bring them down, feed them lunch,
and uh send them out to the campuses to go see what happens at in Special Ed as well as what's going
on in the math classes, depending on whatever their certification area is. Okay, great. I um was in
Austin this weekend and I saw several new billboards that just popped up around campus at

[01:30:30–01:31:00]
Uh Dallas ISD recruiting teachers. Huge, giant billboards. And um which made me wonder how they have
money for that, but that's a different discussion. So I was just it just got me wondering what um
how how we're doing it. Yeah, we we work with Linda's team too, and she helps us to push out on
social media as well uh the to different organizations and so we we do that. We also do some
advertisement in different places, but a billboard is not it it doesn't bring in that for us. Yeah.

[01:31:00–01:31:30]
Yeah. Goodness knows we have to be careful of our billboards. Yes. Karen, is this the year remind
me, the other thing I'm really uh proud of our HR team for doing is back in 2019, 2020, we started
the Grow Your Own program. So the kids that were going taking the CTE classes through the teacher
prep program, they were they sort of we had a ceremony for them. They got a letter that stated if
they when they go off to college, if they successfully complete their four years, that we that's
like it's like a promissory note for lack of better words, they come back and we will employ them as
a teacher because we know.

[01:31:30–01:32:00]
we'll have positions, and that number of teachers has grown. And I think is that are they graduating
this year? The first class graduates this year. But the number of kids or students that have gone
into that program over the year, the graduated with the intent to go into the program. Now, whether
they stayed or not, I don't know. Um, but has grown every year. So it, I mean, you we could be
talking 50, 60 students at one point once they graduate. And Courtney, we're also working on I think
you've heard of the Thrive program. That's to help grow our own paraprofessionals here in Spring
Grant.",0
45,1:32:00,1:34:00,"[01:32:00–01:32:30]
In spring grants. Great program, yes. And uh we have about 30 or so from the first cohort. We have
we've started opening up the second cohort, and we have about 15-20 that have told us that they're
interested in that. We also uh go to the you to the uh high schools and we talk to the counselors as
well as the principals about any students that they have that they know they're graduating and they
do want to teach or coach, and we're offering them a position as a paraprofessional to start.

[01:32:30–01:33:00]
professional to start out. Uh we work with Annie's department with special ed and they come in and
get training to be a special ed para and then they can start working for us paying into TRS and if
they want to participate in the Thrive program then they can move into that Thrive program. So we're
really looking at what we can do right here to grow our teachers. Great. Thank you. So thank you I
just want to say thank you to the academics team because I have lots of questions often and you guys
are are always

[01:33:00–01:33:30]
very helpful and very patient with all the questions. I was thinking the exact same thing as John
over the weekend about the number of goals that we have, but I've decided I think that all of these
goals center around three main goals being literacy, numeracy, and mental health. Some are more
geared towards the high school, some are more geared towards early education, but I do like that
we're keeping pressure.",0
46,1:34:00,1:36:00,"[01:34:00–01:34:30]
on all the areas, and being a system that educates pre-K through 12 is there, there are a lot of
areas to keep pressure on. So I want to thank you guys for diving deep and continuing that. Anyone
else? Okay, I think we have a motion on the table. All those in favor say aye. Those opposed say no.

[01:34:30–01:35:00]
The motion is approved by a vote of seven to zero that we approve the campus performance objectives
for 2024 2025. The next item on the agenda is the second reading and adoption of policy CKEA local
security personnel commissioned peace officers. Do we have a motion? I move that the board adopt uh
CKEA local as presented. Second. It has been moved by John Perez and seconded by Chris Ernest. Is
there any discussion?

[01:35:00–01:35:30]
Discussion. I guess the only thing I would note is we do not receive any public comment. Thank you.
All those in favor say aye. Aye. All those opposed say no. The motion is approved by a vote of 7 to
0 that we approve. CKEA Local Security Personnel Commissioned Peace Officers. The next item on the
agenda is executive session. The board will now adjourn into executive session under the following
sections of the Texas Open Meetings Act, Section 551.074 regarding routine and

[01:35:30–01:36:00]
other personnel matters, including duties of employees and public officers. Section 551.0821
regarding deliberation of personally identifiable information of a public school student. Section
551.076 regarding deliberation of the deployment or specific occasions for implementation of
security personnel or devices or deliberation of a security audit. Section 551.071 consultation with
the board's attorney regarding all matters as authorized by law, including legal issues surrounding
public.",0
47,1:36:00,1:38:00,"[01:36:00–01:36:30]
finance. The time is now 7 36. I'm gonna go upstairs. Okay. The executive session just completed has
been held for discussion of topics as been as allowed by the law. No action was taken. The next item
on the agenda is a re is a request for approval of routine personnel. Do we have a motion?

[01:36:30–01:37:00]
So moved. Second. It has been moved by John Perez and seconded by Caroline Bennett. Is there any
discussion? Those in favor say aye. Aye. Those opposed say no. The motion is approved by a vote of 7
to 0 that we approve routine personnel item. The next item on the agenda is consent agenda action
items. All items listed under this agenda item are considered to be routine by the Board of
Trustees.

[01:37:00–01:37:30]
and will be enacted with one motion. There will be no separate discussion of items unless a board
member so request, in which event the items will be removed from the consent agenda and considered
as an item for a separate vote. Is there any such request? So I'd like to call uh or pull aside 11C4
and 11C5 for discussion. And I will recuse myself from 11J. Okay. 11 C4 and 11 C five.

[01:37:30–01:38:00]
And Carolyn, what'd you have? I will recuse myself from 11J. Okay. Anyone else? All right, so except
for 11C4 and 11C5. And then Caroline, I guess when we vote, you are recuse. Let's just pull out 11J.
How about that? Okay, so does someone have a motion to pull out 11J?",0
48,1:38:00,1:40:00,"[01:38:30–01:39:00]
11J. So moved. Second. Okay. Um, well, I guess we didn't need a motion but more a request. All
right. So except for 11 C4, 11C5, and 11J, is there a motion for approval of the other consent
agenda action items? So moved. Second. It has been moved by Shannon Mayhan and seconded by John
Perez. All those in favor.

[01:39:00–01:39:30]
say aye. Aye. All those opposed say no. The motion is approved by a vote of seven to zero that we
approve consent agenda action items except for 11C4, 11C5, and 11J. So now I guess let's take up
11C4. Discussion. So I pulled this one up. If you recall, Christine Porter, way back when, may I
mean it may have been two years ago, we were sitting up

[01:39:30–01:40:00]
We were sitting upstairs, maybe you were doing some training, and we were talking about contracts
with vendors. And I'm not sure it was uh turned into a brainstorming session, but at some point the
the idea got thrown out that it'd be great if we had a sentence in our contract with vendors that
kind of holds them holds their feet to the fire to a certain extent if they don't follow our
policies and procedures. Uh because we don't have that now, uh if I recall, when I was looking at
kind of just a templated vendor contract. So for",0
49,1:40:00,1:42:00,"[01:40:00–01:40:30]
example, if they don't follow some of the policies we put in place in the last couple of years, and
I'm not speaking to legalities of you know laws that haven't been passed, right, or fail to get
passed. I'm talking about our policies and procedures. Um have we modified our our contract to
include or account for that, or is that something that can be done before maybe we adopt this? Or if
I have assurance that it's going to be done, then I would feel better. Our master contract is a very
lengthy master contract.

[01:40:30–01:41:00]
The master contract, and in there we we reference certain things, things like requirements to follow
our security processes if you're gonna come on campus. I have I don't know for sure if there is a
line that specifically says you must follow our policies, but there's I can't imagine there's not
some wording that they have to do business the way we want them to do business if they're gonna do
business, you know, with us, meaning we have policies in place and you can't go against those
policies. Well, I don't know if there's exact wording saying if you don't follow our policies, I can
in

[01:41:00–01:41:30]
I can I can work and ensure that there's a sentence in there that protects us to be able to get out
of a contract if they blatantly do not follow our policies. That'd be great. Thanks. Okay, so any
other discussion on eleven C4? So I think we need a motion.

[01:41:30–01:42:00]
Actually, right? I move to uh approve consent agenda item 11C4 as presented. Second. It has been
moved by John Perez and seconded by Courtney Anderson that we approve eleven C4. All those in favor
say aye. Aye. Those opposed say no. It is approved by a vote of seven to zero that we approve eleven
C four. Is there a motion regarding eleven C five?",0
50,1:42:00,1:44:00,"[01:42:30–01:43:00]
So to get the discussion started, I move to approve a consent agenda action item 11C5 as presented.
Second. It has been moved by John Perez and seconded by Chris Ernest. Is there any discussion? So I
called this one out. So I started going down the list, and I think I got to Betsy Rupp Fullweiler
Consulting. And I was like, okay, it's going to take

[01:43:00–01:43:30]
Okay, it's gonna take me hours, maybe an entire day, to really go through each one of these. And
it's 12.5 million dollars to figure out what each one of these is doing. And some of them seem
fairly benign, but I mean I just get down to Harris County Department of Education and I'm going,
okay, hold on here. I would like to know with a little bit more detail what each one of these is
doing, what the dollar amount is, uh, before honestly, before I I would even vote on this, uh, I
would like to see the detail. I don't know if anyone else feels the same way.

[01:43:30–01:44:00]
Oh, yeah. Just a little more context on this item, too. Um, this these are resources for
professional learning or companies that have provided professional learning. It came time to renew
this RFP, and so we started working with our purchasing colleagues.",0
51,1:44:00,1:46:00,"[01:44:00–01:44:30]
which resources have been used the most, which ones have been used at campuses, some have been used
central office. And then there was a rather large team across academics: Tyra's team, Lance's team,
a lot of curriculum and instruction folks who went through each and every person's response to the
RFP to check that it was aligned with what we were doing, that it was useful to campuses. So this
full dollar amount gives us permission to do business with some, maybe not all, maybe just a few
over this time period with this contract.

[01:44:30–01:45:00]
Contract. We can provide more information on each individual vendor, but as far as the dollar
amount, it really just depends on where the needs come up in this time period over the next few
years, whether it be a campus need or something at the central office. So in other words, dollar
amounts would vary based on need. Okay. So would you like we could pull this together and we could
vote?

[01:45:00–01:45:30]
But you probably know how I'm gonna vote right now, or we could but I mean I I'm just one vote, so
it's really up to y'all. Actually, it's up to you all. Is there is there a specific, I guess,
concern or um Yeah, so I guess the specific concern is I understand and I appreciate what you said
about a a large team or a wide team went through and said, Hey, listen, you know, Company X is doing
Y and they're, you know, aligned with this strategy of SBISD. But I think, you know, uh it's fair to
say in the last two or three

[01:45:30–01:46:00]
years, there's some things that we've been pretty vocal about. At least certain members of this
board have been pretty vocal about being more of a watchdog on. And right now I can't speak to what
all these companies are doing and what they're going to come in and do for our staff or for our
students. You know, so it could be that we only spend a thousand dollars with one of these
companies, but it could also be that we're spending several million dollars. And I guess it's a
pretty blanketed set of companies and services that uh for me, you know, just just from a business
perspective.",0
52,1:46:00,1:48:00,"[01:46:00–01:46:30]
I'd be going, okay, well, do we really need what's being provided by Harris County Department of
Education? Right? Maybe maybe it's a simple table of this company or this entity is providing this
service and here's an estimate of how much it might be would would be useful. Is that part of the
challenge that you don't know? Well, it's that these could be used over a five year five year
period. We really are held tight to this list for anyone we would engage with professional learning
with. So for example, lead forward, we may use them one year, we may not.

[01:47:00–01:47:30]
Not. You know, this is when the TEAKS changed, we really needed their support to not the TEAKS when
the tests changed for STAR. They were a huge partner in helping us kind of onboard. And when we saw
there were areas we needed a little extra training, we were able to just say, okay, they're
approved, let's use them. But we might go a year or two and not use them. Harris County has
different professional learnings on different topics that come up given what might be a new policy,
you know, that we have to implement, then we have an option to call on them. If they weren't on our
approved list, we wouldn't be able to use them. So we tried to cast a wide enough net, thinking what
might happen in the next

[01:47:30–01:48:00]
five years and who we might need. Might not need them at all. But we could. Does this have to be
voted on tonight? No, the it's this starts on January. I we definitely could pull together a listing
of what type of services. Putting a cost to it would be nearly impossible. It's a five year
contract. Um so that that'd be just the one area that I wouldn't be comfortable even guessing on
that. But we could definitely do a categorical that would help. Yeah. Okay. Well you could tell us
maybe um what we spent previous",0
53,1:48:00,1:50:00,"[01:48:00–01:48:30]
Spent previously. If it's like two, two and a half million a year, maybe. Absolutely. Who did we use
and what do we use it for? And then maybe there's some context for what it might look like going
forward. Now we have it right.

[01:48:30–01:49:00]
From now we have it right now. To your point, it's not till January, but we wouldn't want to go past
that because we don't have the list from TEA yet as to the comprehensive lit uh list of uh resources
that we can purchase from. It's not coming. They say the rubric's coming in November. We'll see if
it comes in November. But until we get the comprehensive list of what the resources are that align
that we can purchase from, we need 95% group desperately. We can't not have this. So there are some
that are more, and then others of these, you know. I if they correct me if I'm wrong, Christine, but
if I'm a vendor

[01:49:00–01:49:30]
like some of these more, these smaller ones that uh to your point I don't know know them either. The
full while consulting. If if that individual or that company responds to the RFP and they've met the
criteria for what we've asked for, are we allowed to say, well, we're just we don't want to use you,
or if they meet the criteria, remind me X, I can never remember, or if I meet the criteria, do they
automatically go on the list? I'm just I can't remember. Yes, but it's gonna be the way I answer
that. There could be a reason they don't.

[01:49:30–01:50:00]
if we realize they're not uh and the main reason we they're not really fulfilling one of our
categorical um types of professional development we were looking for. Um we possibly could say we
want to make sure that they have a local Houston, um that's not true, but say that we we want a
local Houston um base or um contact. If they don't have that, then they wouldn't need it. But
basically, if they meet what our primary requirements are, most of these are.",0
54,1:50:00,1:52:00,"[01:50:00–01:50:30]
quite a bit of them we've used before. I mean, I don't recognize half these names either because
they're mainly on the academic side. I recognize a good number of them, but not all of them. Yeah.
So but I think definitely be easy to provide. What with it being an RFP, they had to respond to us.
On some of those other contracts, we go out to co ops and we find what other people have done and we
see if they can meet our needs. They had to answer our questions and then get reviewed by a review
committee to get here.

[01:51:00–01:51:30]
Now I have no idea. Um, and you might be able to answer to without there were some that didn't make
it onto this page. There were some that did not make it. Can you talk about some of those reasons
why not? Well, not maybe misalignment to some of the work that we're doing, um, or they just they
had their time in the district. We haven't seen them be used in a while, they haven't been
necessary. Full Weiler is a great example. We had new science standards. She was a science trainer
writing in science, um, riding across the curriculum, did some summer training with us, may not need
her next year. Um so it just it's just

[01:51:30–01:52:00]
depends on the needs that we saw for the next five years, or if they just were not aligned to the
work that we were doing or felt felt they'd be count counterproductive to some of the other
trainings and resources we were rolling out. Okay. Vend",0
55,1:52:00,1:54:00,"[01:52:00–01:52:30]
That we could possibly use over the next five years up to an amount of twelve and a half million
dollars. And the twelve and a half million dollars is based on our history, or it's based on I mean
what is it, where does that number come from? Uh we we do analyze like what we spent on the last
five years from the purchasing side, that's what they look at. But they also talk with the primary
end user to know what's coming. And we know we have some um standards that are changing, make
specifically I think science.

[01:52:30–01:53:00]
Science. Yeah, it's changed, but um, last major. But I get like so the alternative would be that you
brought these one at a time, right? And we need to work with you know ninety-five percent and we've
got a two hundred and ninety five thousand dollar bill for XYZ and we need approve right? I mean, so
this just provides a blanket approval for over a five year period, but that we could use. But don't
you still have to come back for each specific contract, like saying so. No, this is just no a
blanket use of okay. Yeah.

[01:53:00–01:53:30]
Because then what do we approve the past year? What have we when you come to S. Well, I guess that's
maybe that's what we helpful is the context of like it's a five year period. It comes this comes up
once every five years. Why? You know, why isn't it annual I mean, is there a reason? Does that make
sense? It does. I'm not trying to pick at it. I'm just trying to understand. It's a very good
question. Mainly it's an intensive process. To go through sixty proposals. Sixty proposals and the
committee. Um it's just intensive. So that's why we often do these multi year contracts. Um

[01:53:30–01:54:00]
The dollar amount is relatively arbitrary to not have to keep coming back if we keep butting up
against it during that five year. But that is definitely we can based on we'll get we'll get them to
pull what we've spent in the past, make sure that we're not being too high on that. And that is it's
12,500 over the five years. I mean 12,500 over the five years. It's not one year. But don't y'all
still have to come back if it's if you're gonna engage in any contract with any of these people for
over.",1
56,1:54:00,1:56:00,"[01:54:00–01:54:30]
50,000? No, but that's what allowed us to start with Texas Reads initially with the literacy work
because we were already approved with them, so they were able to sort of hit the ground running up
to fifty grand. Up to okay, okay. And had it been more than that, right? Is that right? But then
notice Texas Reads is on here that would then cover it for the next five years. Right. And if we had
a new partner as we think about our new resources and they weren't, we uh even if they were, we
would bring a new adoption for a new resource separately. So we could still add on

[01:54:30–01:55:00]
On just not take away if we vote on it. We can choose who we do business with. This just gives us
the option. So we don't have to if they're on here. Thank you. So I'd like the table with the
historical. I thought that was a a good landing spot. Great. And I think from there we can make a
decision. Okay. That's it. So I think the current motion on the table is for approval. So I guess I
move to squash the previous motion of approving this consent agenda.

[01:55:30–01:56:00]
action item in favor of tabling the consent agenda item 11 C five. Second and then President Albee I
would also like to recuse myself from 11 day. Okay. So let's take eleven C five. The motion is to
table it until bring it back a future meeting to get some of the historical.",0
57,1:56:00,1:58:00,"[01:56:00–01:56:30]
data and some additional questions. All those in favor, it has been moved by John Perez and seconded
by Chris Ernest. All those in favor say aye. Aye. All those opposed. The motion to table 11C5 passes
with a vote of seven to zero. Okay. 11 J, Caroline Bennett, and Shannon Maehan are abstaining from
this item.

[01:56:30–01:57:00]
Item. Is there a motion? I move to approve consent agenda action item J as presented. Second. It has
been moved by John Perez and seconded by David Slattery to approve 11J. All those in favor say aye.
Aye. All those opposed say no. That passes by a vote of five to zero. Dr. Blaine, do you have any
closing remarks?

[01:57:00–01:57:30]
I do not. There being no further business to come before the board, the regular meeting is
adjourned. The time is now 8:31.",0